MAG_ID_ENA,genus
MAG-GUT1000,Propionibacterium
MAG-GUT1001,Propionibacterium
MAG-GUT10080,Lachnospira
MAG-GUT10094,Ruminococcus
MAG-GUT10102,Ruminococcus
MAG-GUT10109,Unassigned
MAG-GUT10126,Bifidobacterium
MAG-GUT1012,Unassigned
MAG-GUT10153,Barnesiella
MAG-GUT1016,Eggerthella
MAG-GUT10181,Veillonella
MAG-GUT10183,Unassigned
MAG-GUT1018,Unassigned
MAG-GUT1024,Lactobacillus
MAG-GUT10262,Propionibacterium
MAG-GUT1026,Unassigned
MAG-GUT10270,Acidaminococcus
MAG-GUT1029,Enterococcus
MAG-GUT1033,Prevotella
MAG-GUT10345,Propionibacterium
MAG-GUT10346,Lachnospira
MAG-GUT10359,Megasphaera
MAG-GUT1036,Akkermansia
MAG-GUT10374,Enterococcus
MAG-GUT10376,Enterococcus
MAG-GUT1037,Unassigned
MAG-GUT10398,Ruminococcus
MAG-GUT103,Acidaminococcus
MAG-GUT10417,Clostridium
MAG-GUT10454,Unassigned
MAG-GUT10478,Enterococcus
MAG-GUT1047,Butyrivibrio
MAG-GUT10488,Bifidobacterium
MAG-GUT1049,Veillonella
MAG-GUT1050,Veillonella
MAG-GUT10512,Ruminococcus
MAG-GUT1052,Enterococcus
MAG-GUT10537,Ruminococcus
MAG-GUT10541,Propionibacterium
MAG-GUT1054,Ruminococcus
MAG-GUT1055,Enterococcus
MAG-GUT10562,Barnesiella
MAG-GUT10584,Unassigned
MAG-GUT10593,Propionibacterium
MAG-GUT10599,Veillonella
MAG-GUT1059,Anaerotruncus
MAG-GUT10606,Unassigned
MAG-GUT10612,Ruminococcus
MAG-GUT10617,Ruminococcus
MAG-GUT10625,Enterococcus
MAG-GUT10629,Acidaminococcus
MAG-GUT1062,Unassigned
MAG-GUT10635,Unassigned
MAG-GUT10653,Propionibacterium
MAG-GUT1065,Unassigned
MAG-GUT10701,Unassigned
MAG-GUT10717,Lachnospira
MAG-GUT10734,Unassigned
MAG-GUT1077,Enterococcus
MAG-GUT10786,Unassigned
MAG-GUT10793,Ruminococcus
MAG-GUT10807,Ruminococcus
MAG-GUT1081,Staphylococcus
MAG-GUT1082,Streptococcus
MAG-GUT10835,Unassigned
MAG-GUT10839,Sutterella
MAG-GUT10849,Ruminococcus
MAG-GUT10866,Streptococcus
MAG-GUT1086,Ruminococcus
MAG-GUT10881,Enterococcus
MAG-GUT10883,Unassigned
MAG-GUT1088,Ruminococcus
MAG-GUT1089,Propionibacterium
MAG-GUT10909,Ruminococcus
MAG-GUT10928,Collinsella
MAG-GUT10982,Unassigned
MAG-GUT11004,Unassigned
MAG-GUT11014,Clostridium
MAG-GUT11020,Veillonella
MAG-GUT11036,Enterococcus
MAG-GUT11037,Akkermansia
MAG-GUT1103,Azospirillum
MAG-GUT11041,Barnesiella
MAG-GUT11046,Clostridium
MAG-GUT11063,Ruminococcus
MAG-GUT11071,Ruminococcus
MAG-GUT11107,Ruminococcus
MAG-GUT11142,Lachnospira
MAG-GUT11152,Unassigned
MAG-GUT11153,Unassigned
MAG-GUT11169,Ruminococcus
MAG-GUT11171,Ruminococcus
MAG-GUT11185,Ruminococcus
MAG-GUT11187,Clostridium
MAG-GUT11210,Acidaminococcus
MAG-GUT1122,Propionibacterium
MAG-GUT11274,Ruminococcus
MAG-GUT1128,Propionibacterium
MAG-GUT11304,Unassigned
MAG-GUT11308,Barnesiella
MAG-GUT1131,Propionibacterium
MAG-GUT11332,Propionibacterium
MAG-GUT1133,Acidaminococcus
MAG-GUT1135,Propionibacterium
MAG-GUT11376,Unassigned
MAG-GUT11399,Propionibacterium
MAG-GUT1139,Ruminococcus
MAG-GUT11406,Unassigned
MAG-GUT11412,Sutterella
MAG-GUT11417,Unassigned
MAG-GUT11423,Sutterella
MAG-GUT11426,Barnesiella
MAG-GUT11435,Propionibacterium
MAG-GUT1143,Acidaminococcus
MAG-GUT11449,Ruminococcus
MAG-GUT11468,Azospirillum
MAG-GUT1148,Propionibacterium
MAG-GUT1149,Propionibacterium
MAG-GUT11521,Alistipes
MAG-GUT11526,Unassigned
MAG-GUT11531,Ruminococcus
MAG-GUT11535,Azospirillum
MAG-GUT11540,Unassigned
MAG-GUT11566,Ruminococcus
MAG-GUT1157,Propionibacterium
MAG-GUT11596,Azospirillum
MAG-GUT1160,Enterococcus
MAG-GUT11638,Alistipes
MAG-GUT11640,Azospirillum
MAG-GUT11644,Unassigned
MAG-GUT11693,Enterococcus
MAG-GUT1169,Unassigned
MAG-GUT1171,Enterococcus
MAG-GUT11729,Azospirillum
MAG-GUT1173,Enterococcus
MAG-GUT11741,Unassigned
MAG-GUT11752,Ruminococcus
MAG-GUT11760,Sutterella
MAG-GUT1177,Enterococcus
MAG-GUT11820,Alistipes
MAG-GUT11829,Alistipes
MAG-GUT11837,Unassigned
MAG-GUT11847,Staphylococcus
MAG-GUT1184,Alistipes
MAG-GUT11911,Coprococcus
MAG-GUT11931,Azospirillum
MAG-GUT11934,Bifidobacterium
MAG-GUT11964,Enterococcus
MAG-GUT1196,Ruminococcus
MAG-GUT11972,Enterococcus
MAG-GUT11977,Alistipes
MAG-GUT1197,Alistipes
MAG-GUT1198,Veillonella
MAG-GUT12028,Clostridium
MAG-GUT12030,Sutterella
MAG-GUT12049,Unassigned
MAG-GUT12051,Alistipes
MAG-GUT12063,Barnesiella
MAG-GUT1206,Veillonella
MAG-GUT12082,Alistipes
MAG-GUT12095,Alistipes
MAG-GUT12106,Alistipes
MAG-GUT1212,Unassigned
MAG-GUT1214,Veillonella
MAG-GUT12173,Staphylococcus
MAG-GUT1217,Veillonella
MAG-GUT12186,Azospirillum
MAG-GUT12195,Ruminococcus
MAG-GUT12217,Unassigned
MAG-GUT12225,Sutterella
MAG-GUT12230,Azospirillum
MAG-GUT12256,Alistipes
MAG-GUT12257,Azospirillum
MAG-GUT12259,Alistipes
MAG-GUT12264,Ruminococcus
MAG-GUT12267,Anaerotruncus
MAG-GUT12269,Azospirillum
MAG-GUT1227,Unassigned
MAG-GUT1228,Veillonella
MAG-GUT12300,Enterococcus
MAG-GUT12321,Unassigned
MAG-GUT1232,Veillonella
MAG-GUT12340,Unassigned
MAG-GUT12348,Ruminococcus
MAG-GUT12361,Azospirillum
MAG-GUT1236,Enterococcus
MAG-GUT12377,Sutterella
MAG-GUT12391,Azospirillum
MAG-GUT12393,Ruminococcus
MAG-GUT1240,Unassigned
MAG-GUT1242,Staphylococcus
MAG-GUT1244,Enterococcus
MAG-GUT12458,Enterococcus
MAG-GUT1246,Blautia
MAG-GUT12481,Streptococcus
MAG-GUT12482,Staphylococcus
MAG-GUT1248,Azospirillum
MAG-GUT1249,Sutterella
MAG-GUT12518,Propionibacterium
MAG-GUT1252,Lachnospira
MAG-GUT12533,Streptococcus
MAG-GUT1255,Unassigned
MAG-GUT12567,Enterococcus
MAG-GUT1258,Unassigned
MAG-GUT12636,Propionibacterium
MAG-GUT1263,Streptococcus
MAG-GUT12643,Unassigned
MAG-GUT12644,Unassigned
MAG-GUT12655,Ruminococcus
MAG-GUT1265,Propionibacterium
MAG-GUT1266,Ruminococcus
MAG-GUT12678,Enterococcus
MAG-GUT12691,Unassigned
MAG-GUT1270,Unassigned
MAG-GUT12744,Enterococcus
MAG-GUT1274,Propionibacterium
MAG-GUT12750,Faecalibacterium
MAG-GUT12759,Lachnospira
MAG-GUT1276,Unassigned
MAG-GUT12771,Enterococcus
MAG-GUT12789,Ruminococcus
MAG-GUT12794,Azospirillum
MAG-GUT12797,Sutterella
MAG-GUT1282,Prevotella
MAG-GUT1287,Propionibacterium
MAG-GUT1288,Propionibacterium
MAG-GUT12944,Enterococcus
MAG-GUT12945,Sutterella
MAG-GUT12963,Unassigned
MAG-GUT1297,Eubacterium
MAG-GUT12991,Enterococcus
MAG-GUT12,Sutterella
MAG-GUT13038,Unassigned
MAG-GUT13040,Ruminococcus
MAG-GUT13045,Acidaminococcus
MAG-GUT13049,Dialister
MAG-GUT13125,Ruminococcus
MAG-GUT13136,Eubacterium
MAG-GUT13150,Enterococcus
MAG-GUT1315,Barnesiella
MAG-GUT13170,Sutterella
MAG-GUT13177,Unassigned
MAG-GUT1318,Enterococcus
MAG-GUT1319,Enterococcus
MAG-GUT13227,Megasphaera
MAG-GUT13230,Unassigned
MAG-GUT13251,Lachnospira
MAG-GUT13273,Clostridium
MAG-GUT13285,Enterococcus
MAG-GUT1328,Unassigned
MAG-GUT13293,Anaerotruncus
MAG-GUT13322,Megasphaera
MAG-GUT13333,Unassigned
MAG-GUT13342,Megasphaera
MAG-GUT13363,Enterococcus
MAG-GUT1336,Lachnospira
MAG-GUT13422,Lachnospira
MAG-GUT13424,Unassigned
MAG-GUT13441,Ruminococcus
MAG-GUT13451,Barnesiella
MAG-GUT13478,Lachnospira
MAG-GUT13480,Sutterella
MAG-GUT13549,Azospirillum
MAG-GUT1355,Veillonella
MAG-GUT1362,Enterococcus
MAG-GUT13633,Ruminococcus
MAG-GUT13637,Sutterella
MAG-GUT13646,Unassigned
MAG-GUT1368,Enterococcus
MAG-GUT13704,Enterococcus
MAG-GUT1370,Lachnospira
MAG-GUT13734,Unassigned
MAG-GUT13749,Megasphaera
MAG-GUT1377,Lactobacillus
MAG-GUT13790,Unassigned
MAG-GUT13816,Sutterella
MAG-GUT13830,Veillonella
MAG-GUT1384,Lactobacillus
MAG-GUT13851,Ruminococcus
MAG-GUT13856,Alistipes
MAG-GUT13881,Sutterella
MAG-GUT13897,Eggerthella
MAG-GUT1389,Eubacterium
MAG-GUT1391,Enterococcus
MAG-GUT1393,Enterococcus
MAG-GUT13955,Sutterella
MAG-GUT1396,Enterococcus
MAG-GUT13987,Lachnospira
MAG-GUT13999,Veillonella
MAG-GUT14027,Prevotella
MAG-GUT14050,Sutterella
MAG-GUT14072,Clostridium
MAG-GUT14112,Azospirillum
MAG-GUT14114,Ruminococcus
MAG-GUT14116,Unassigned
MAG-GUT14125,Sutterella
MAG-GUT14159,Megasphaera
MAG-GUT14172,Sutterella
MAG-GUT14250,Sutterella
MAG-GUT14257,Eubacterium
MAG-GUT14283,Lachnospira
MAG-GUT14308,Lachnospira
MAG-GUT14364,Barnesiella
MAG-GUT14383,Unassigned
MAG-GUT14468,Unassigned
MAG-GUT14477,Unassigned
MAG-GUT14523,Ruminococcus
MAG-GUT14532,Propionibacterium
MAG-GUT1453,Sutterella
MAG-GUT1455,Staphylococcus
MAG-GUT14572,Enterococcus
MAG-GUT1457,Sutterella
MAG-GUT14640,Ruminococcus
MAG-GUT14645,Alistipes
MAG-GUT14683,Ruminococcus
MAG-GUT14705,Veillonella
MAG-GUT1470,Barnesiella
MAG-GUT14711,Barnesiella
MAG-GUT14733,Ruminococcus
MAG-GUT14741,Acidaminococcus
MAG-GUT14745,Dialister
MAG-GUT1477,Enterococcus
MAG-GUT1479,Enterococcus
MAG-GUT14827,Sutterella
MAG-GUT1485,Propionibacterium
MAG-GUT1488,Staphylococcus
MAG-GUT14915,Azospirillum
MAG-GUT1498,Enterococcus
MAG-GUT1500,Staphylococcus
MAG-GUT15026,Lachnospira
MAG-GUT15028,Unassigned
MAG-GUT15034,Ruminococcus
MAG-GUT15061,Megasphaera
MAG-GUT15068,Ruminococcus
MAG-GUT15089,Megasphaera
MAG-GUT1509,Staphylococcus
MAG-GUT1511,Unassigned
MAG-GUT15133,Enterococcus
MAG-GUT15156,Unassigned
MAG-GUT1516,Ruminococcus
MAG-GUT151,Staphylococcus
MAG-GUT15223,Enterococcus
MAG-GUT15229,Unassigned
MAG-GUT1522,Unassigned
MAG-GUT15232,Ruminococcus
MAG-GUT15246,Sutterella
MAG-GUT1527,Staphylococcus
MAG-GUT15285,Unassigned
MAG-GUT1529,Propionibacterium
MAG-GUT1534,Propionibacterium
MAG-GUT1537,Propionibacterium
MAG-GUT1541,Enterococcus
MAG-GUT15427,Megasphaera
MAG-GUT15486,Ruminococcus
MAG-GUT15497,Clostridium
MAG-GUT15498,Unassigned
MAG-GUT15544,Ruminococcus
MAG-GUT15546,Unassigned
MAG-GUT1556,Veillonella
MAG-GUT1559,Veillonella
MAG-GUT15605,Ruminococcus
MAG-GUT15625,Sutterella
MAG-GUT1565,Enterococcus
MAG-GUT15742,Acidaminococcus
MAG-GUT1578,Staphylococcus
MAG-GUT15797,Veillonella
MAG-GUT1584,Veillonella
MAG-GUT15850,Eggerthella
MAG-GUT15872,Unassigned
MAG-GUT15880,Solobacterium
MAG-GUT15909,Collinsella
MAG-GUT15914,Unassigned
MAG-GUT15916,Ruminococcus
MAG-GUT15989,Unassigned
MAG-GUT16017,Unassigned
MAG-GUT160,Ruminococcus
MAG-GUT16113,Unassigned
MAG-GUT16117,Ruminococcus
MAG-GUT16129,Megasphaera
MAG-GUT16149,Sutterella
MAG-GUT16156,Sutterella
MAG-GUT16183,Unassigned
MAG-GUT16297,Ruminococcus
MAG-GUT1636,Eubacterium
MAG-GUT16398,Ruminococcus
MAG-GUT16481,Ruminococcus
MAG-GUT16496,Unassigned
MAG-GUT1652,Unassigned
MAG-GUT16567,Unassigned
MAG-GUT16625,Sutterella
MAG-GUT16712,Megasphaera
MAG-GUT16715,Sutterella
MAG-GUT16720,Eubacterium
MAG-GUT1677,Acidaminococcus
MAG-GUT16845,Unassigned
MAG-GUT16851,Unassigned
MAG-GUT16881,Ruminococcus
MAG-GUT1694,Barnesiella
MAG-GUT16984,Sutterella
MAG-GUT17013,Lachnospira
MAG-GUT17016,Unassigned
MAG-GUT17028,Unassigned
MAG-GUT17049,Ruminococcus
MAG-GUT1707,Unassigned
MAG-GUT17170,Veillonella
MAG-GUT17212,Unassigned
MAG-GUT17247,Unassigned
MAG-GUT17254,Megasphaera
MAG-GUT17255,Acidaminococcus
MAG-GUT17271,Sutterella
MAG-GUT17288,Ruminococcus
MAG-GUT1728,Enterococcus
MAG-GUT17299,Ruminococcus
MAG-GUT17314,Enterococcus
MAG-GUT17379,Ruminococcus
MAG-GUT17399,Unassigned
MAG-GUT17401,Megasphaera
MAG-GUT1743,Lactobacillus
MAG-GUT17473,Acidaminococcus
MAG-GUT17488,Unassigned
MAG-GUT17515,Acidaminococcus
MAG-GUT17598,Sutterella
MAG-GUT1761,Barnesiella
MAG-GUT1763,Sutterella
MAG-GUT17664,Veillonella
MAG-GUT17671,Veillonella
MAG-GUT17697,Unassigned
MAG-GUT17705,Unassigned
MAG-GUT17713,Ruminococcus
MAG-GUT17733,Unassigned
MAG-GUT17776,Enterococcus
MAG-GUT17782,Enterococcus
MAG-GUT17793,Ruminococcus
MAG-GUT1788,Lachnospira
MAG-GUT1792,Anaerotruncus
MAG-GUT1796,Ruminococcus
MAG-GUT18024,Sutterella
MAG-GUT18031,Barnesiella
MAG-GUT18037,Bacteroides
MAG-GUT1806,Ruminococcus
MAG-GUT18125,Ruminococcus
MAG-GUT18181,Ruminococcus
MAG-GUT18195,Sutterella
MAG-GUT18210,Sutterella
MAG-GUT18233,Megasphaera
MAG-GUT1826,Bifidobacterium
MAG-GUT18296,Ruminococcus
MAG-GUT18312,Sutterella
MAG-GUT18333,Eubacterium
MAG-GUT18340,Ruminococcus
MAG-GUT18361,Sutterella
MAG-GUT18366,Unassigned
MAG-GUT1840,Veillonella
MAG-GUT18425,Unassigned
MAG-GUT18429,Unassigned
MAG-GUT18447,Unassigned
MAG-GUT18523,Clostridium
MAG-GUT18526,Unassigned
MAG-GUT18564,Ruminococcus
MAG-GUT18577,Ruminococcus
MAG-GUT1861,Proteus
MAG-GUT18620,Clostridium
MAG-GUT18629,Lachnospira
MAG-GUT1870,Propionibacterium
MAG-GUT1871,Enterococcus
MAG-GUT1873,Propionibacterium
MAG-GUT1875,Enterococcus
MAG-GUT1876,Enterococcus
MAG-GUT1877,Propionibacterium
MAG-GUT18785,Megasphaera
MAG-GUT1880,Enterococcus
MAG-GUT18812,Propionibacterium
MAG-GUT18819,Unassigned
MAG-GUT1881,Solobacterium
MAG-GUT18824,Staphylococcus
MAG-GUT1882,Unassigned
MAG-GUT1883,Propionibacterium
MAG-GUT1885,Enterococcus
MAG-GUT1887,Enterococcus
MAG-GUT18888,Enterococcus
MAG-GUT1888,Clostridium
MAG-GUT18897,Megasphaera
MAG-GUT18907,Lachnospira
MAG-GUT1892,Enterococcus
MAG-GUT18932,Unassigned
MAG-GUT1894,Staphylococcus
MAG-GUT1895,Enterococcus
MAG-GUT18970,Megasphaera
MAG-GUT18974,Sutterella
MAG-GUT1898,Enterococcus
MAG-GUT1900,Enterococcus
MAG-GUT1904,Enterococcus
MAG-GUT19064,Enterococcus
MAG-GUT19065,Unassigned
MAG-GUT1906,Lachnospira
MAG-GUT19089,Enterococcus
MAG-GUT1908,Azospirillum
MAG-GUT1911,Enterococcus
MAG-GUT1912,Propionibacterium
MAG-GUT1914,Enterococcus
MAG-GUT19155,Staphylococcus
MAG-GUT1915,Barnesiella
MAG-GUT19165,Ruminococcus
MAG-GUT19182,Unassigned
MAG-GUT19188,Ruminococcus
MAG-GUT19215,Eubacterium
MAG-GUT19219,Unassigned
MAG-GUT19220,Ruminococcus
MAG-GUT19226,Lachnospira
MAG-GUT19290,Clostridium
MAG-GUT19307,Veillonella
MAG-GUT1930,Megasphaera
MAG-GUT19408,Sutterella
MAG-GUT19423,Barnesiella
MAG-GUT19428,Solobacterium
MAG-GUT19429,Megasphaera
MAG-GUT19459,Unassigned
MAG-GUT1946,Enterococcus
MAG-GUT19533,Ruminococcus
MAG-GUT19546,Lachnospira
MAG-GUT1954,Veillonella
MAG-GUT19561,Ruminococcus
MAG-GUT19573,Sutterella
MAG-GUT19592,Ruminococcus
MAG-GUT19599,Enterococcus
MAG-GUT1959,Sutterella
MAG-GUT195,Sutterella
MAG-GUT19615,Ruminococcus
MAG-GUT19642,Unassigned
MAG-GUT19644,Faecalibacterium
MAG-GUT19648,Unassigned
MAG-GUT19650,Unassigned
MAG-GUT19680,Unassigned
MAG-GUT19738,Ruminococcus
MAG-GUT1975,Unassigned
MAG-GUT19764,Unassigned
MAG-GUT19787,Peptoniphilus
MAG-GUT19808,Lachnospira
MAG-GUT19853,Sutterella
MAG-GUT1986,Unassigned
MAG-GUT19932,Unassigned
MAG-GUT19947,Unassigned
MAG-GUT19980,Ruminococcus
MAG-GUT19990,Megasphaera
MAG-GUT19996,Unassigned
MAG-GUT20063,Lachnospira
MAG-GUT20126,Barnesiella
MAG-GUT20177,Clostridium
MAG-GUT2019,Proteus
MAG-GUT2025,Enterococcus
MAG-GUT20261,Ruminococcus
MAG-GUT20287,Acidaminococcus
MAG-GUT20293,Prevotella
MAG-GUT20294,Megasphaera
MAG-GUT2031,Veillonella
MAG-GUT20416,Megasphaera
MAG-GUT20461,Barnesiella
MAG-GUT20500,Blautia
MAG-GUT2053,Veillonella
MAG-GUT20540,Acidaminococcus
MAG-GUT20578,Unassigned
MAG-GUT2058,Bifidobacterium
MAG-GUT20603,Proteus
MAG-GUT2060,Acidaminococcus
MAG-GUT20615,Veillonella
MAG-GUT2061,Unassigned
MAG-GUT20624,Ruminococcus
MAG-GUT20639,Acidaminococcus
MAG-GUT20745,Eubacterium
MAG-GUT2078,Bifidobacterium
MAG-GUT2079,Bifidobacterium
MAG-GUT20810,Veillonella
MAG-GUT2081,Lachnospira
MAG-GUT2086,Veillonella
MAG-GUT20896,Unassigned
MAG-GUT20972,Unassigned
MAG-GUT20976,Ruminococcus
MAG-GUT20984,Unassigned
MAG-GUT21052,Eubacterium
MAG-GUT21072,Unassigned
MAG-GUT21076,Ruminococcus
MAG-GUT21093,Unassigned
MAG-GUT21102,Sutterella
MAG-GUT2110,Megasphaera
MAG-GUT21122,Unassigned
MAG-GUT21168,Unassigned
MAG-GUT21188,Unassigned
MAG-GUT21326,Unassigned
MAG-GUT21377,Unassigned
MAG-GUT21378,Unassigned
MAG-GUT21385,Ruminococcus
MAG-GUT2139,Unassigned
MAG-GUT21424,Sutterella
MAG-GUT21444,Unassigned
MAG-GUT21498,Ruminococcus
MAG-GUT21531,Unassigned
MAG-GUT21682,Veillonella
MAG-GUT21728,Unassigned
MAG-GUT21785,Unassigned
MAG-GUT21953,Unassigned
MAG-GUT21962,Unassigned
MAG-GUT21972,Ruminococcus
MAG-GUT2201,Unassigned
MAG-GUT2203,Acidaminococcus
MAG-GUT22049,Sutterella
MAG-GUT22121,Unassigned
MAG-GUT22184,Clostridium
MAG-GUT22238,Unassigned
MAG-GUT22266,Ruminococcus
MAG-GUT22420,Ruminococcus
MAG-GUT22452,Unassigned
MAG-GUT22456,Ruminococcus
MAG-GUT22496,Barnesiella
MAG-GUT22502,Unassigned
MAG-GUT2250,Ruminococcus
MAG-GUT22547,Ruminococcus
MAG-GUT2256,Unassigned
MAG-GUT22591,Unassigned
MAG-GUT22606,Unassigned
MAG-GUT22619,Barnesiella
MAG-GUT22642,Lachnospira
MAG-GUT22670,Sutterella
MAG-GUT22684,Ruminococcus
MAG-GUT22695,Ruminococcus
MAG-GUT22751,Unassigned
MAG-GUT22776,Clostridium
MAG-GUT22830,Alistipes
MAG-GUT22848,Unassigned
MAG-GUT22878,Ruminococcus
MAG-GUT2287,Clostridium
MAG-GUT2306,Unassigned
MAG-GUT23210,Unassigned
MAG-GUT2323,Azospirillum
MAG-GUT23266,Unassigned
MAG-GUT23276,Eubacterium
MAG-GUT2327,Anaerotruncus
MAG-GUT23295,Lactobacillus
MAG-GUT23346,Bifidobacterium
MAG-GUT23356,Ruminococcus
MAG-GUT23387,Acidaminococcus
MAG-GUT23397,Unassigned
MAG-GUT23420,Ruminococcus
MAG-GUT23449,Ruminococcus
MAG-GUT23546,Lachnospira
MAG-GUT23604,Clostridium
MAG-GUT23608,Lachnospira
MAG-GUT23613,Ruminococcus
MAG-GUT23645,Unassigned
MAG-GUT2366,Unassigned
MAG-GUT23691,Lachnospira
MAG-GUT23723,Bifidobacterium
MAG-GUT23746,Megasphaera
MAG-GUT23753,Unassigned
MAG-GUT23754,Megasphaera
MAG-GUT23809,Unassigned
MAG-GUT23816,Unassigned
MAG-GUT23860,Ruminococcus
MAG-GUT23890,Ruminococcus
MAG-GUT23960,Lachnospira
MAG-GUT23967,Unassigned
MAG-GUT23979,Azospirillum
MAG-GUT24052,Acidaminococcus
MAG-GUT24070,Eubacterium
MAG-GUT24105,Lachnospira
MAG-GUT24113,Eubacterium
MAG-GUT24122,Ruminococcus
MAG-GUT24126,Dialister
MAG-GUT24142,Unassigned
MAG-GUT2417,Eubacterium
MAG-GUT24184,Unassigned
MAG-GUT24197,Ruminococcus
MAG-GUT24211,Ruminococcus
MAG-GUT24313,Ruminococcus
MAG-GUT24369,Unassigned
MAG-GUT2438,Unassigned
MAG-GUT24441,Lachnospira
MAG-GUT24472,Clostridium
MAG-GUT24503,Ruminococcus
MAG-GUT24507,Lachnospira
MAG-GUT24534,Lachnospira
MAG-GUT24564,Sutterella
MAG-GUT24574,Barnesiella
MAG-GUT24606,Sutterella
MAG-GUT24616,Sutterella
MAG-GUT24642,Ruminococcus
MAG-GUT24657,Sutterella
MAG-GUT24670,Barnesiella
MAG-GUT24686,Ruminococcus
MAG-GUT24735,Unassigned
MAG-GUT24763,Unassigned
MAG-GUT24765,Veillonella
MAG-GUT24787,Sutterella
MAG-GUT24822,Ruminococcus
MAG-GUT24836,Unassigned
MAG-GUT24840,Sutterella
MAG-GUT24988,Sutterella
MAG-GUT25022,Sutterella
MAG-GUT25048,Acidaminococcus
MAG-GUT25055,Sutterella
MAG-GUT25075,Ruminococcus
MAG-GUT25077,Sutterella
MAG-GUT2507,Unassigned
MAG-GUT25223,Sutterella
MAG-GUT2525,Ruminococcus
MAG-GUT25263,Sutterella
MAG-GUT25307,Sutterella
MAG-GUT25340,Acidaminococcus
MAG-GUT25354,Unassigned
MAG-GUT25404,Unassigned
MAG-GUT25429,Unassigned
MAG-GUT25519,Unassigned
MAG-GUT25590,Veillonella
MAG-GUT25605,Unassigned
MAG-GUT25621,Clostridium
MAG-GUT25650,Akkermansia
MAG-GUT25763,Slackia
MAG-GUT25802,Unassigned
MAG-GUT25808,Ruminococcus
MAG-GUT25847,Unassigned
MAG-GUT25961,Slackia
MAG-GUT26038,Unassigned
MAG-GUT26059,Ruminococcus
MAG-GUT2607,Azospirillum
MAG-GUT26088,Ruminococcus
MAG-GUT26204,Unassigned
MAG-GUT26205,Slackia
MAG-GUT26238,Enterococcus
MAG-GUT26239,Unassigned
MAG-GUT26272,Unassigned
MAG-GUT26273,Unassigned
MAG-GUT26293,Unassigned
MAG-GUT26303,Eggerthella
MAG-GUT26315,Ruminococcus
MAG-GUT26333,Unassigned
MAG-GUT26344,Unassigned
MAG-GUT26365,Blautia
MAG-GUT26387,Slackia
MAG-GUT26400,Unassigned
MAG-GUT26401,Unassigned
MAG-GUT26441,Unassigned
MAG-GUT26459,Slackia
MAG-GUT26493,Clostridium
MAG-GUT26496,Unassigned
MAG-GUT26501,Unassigned
MAG-GUT26512,Anaeromassilibacillus
MAG-GUT26524,Ruminococcus
MAG-GUT26531,Eggerthella
MAG-GUT2655,Ruminococcus
MAG-GUT26562,Slackia
MAG-GUT26578,Unassigned
MAG-GUT26586,Ruminococcus
MAG-GUT26587,Bifidobacterium
MAG-GUT2658,Ruminococcus
MAG-GUT2660,Unassigned
MAG-GUT26615,Ruminococcus
MAG-GUT26757,Ruminococcus
MAG-GUT26803,Unassigned
MAG-GUT26973,Enterococcus
MAG-GUT27018,Lachnospira
MAG-GUT27032,Sutterella
MAG-GUT27053,Lachnospira
MAG-GUT27063,Ruminococcus
MAG-GUT27097,Sutterella
MAG-GUT27121,Unassigned
MAG-GUT27127,Lachnospira
MAG-GUT27129,Prevotella
MAG-GUT27132,Unassigned
MAG-GUT27144,Ruminococcus
MAG-GUT27169,Ruminococcus
MAG-GUT271,Prevotella
MAG-GUT27271,Ruminococcus
MAG-GUT27283,Ruminococcus
MAG-GUT27297,Ruminococcus
MAG-GUT27309,Bacteroides
MAG-GUT27329,Bacteroides
MAG-GUT27420,Unassigned
MAG-GUT27426,Ruminococcus
MAG-GUT27436,Ruminococcus
MAG-GUT27437,Unassigned
MAG-GUT27453,Unassigned
MAG-GUT27476,Azospirillum
MAG-GUT27477,Unassigned
MAG-GUT27501,Azospirillum
MAG-GUT2752,Azospirillum
MAG-GUT2776,Ruminococcus
MAG-GUT27781,Azospirillum
MAG-GUT27783,Azospirillum
MAG-GUT2783,Unassigned
MAG-GUT27936,Barnesiella
MAG-GUT27968,Barnesiella
MAG-GUT28018,Azospirillum
MAG-GUT28028,Azospirillum
MAG-GUT28034,Unassigned
MAG-GUT28050,Unassigned
MAG-GUT28054,Unassigned
MAG-GUT28074,Ruminococcus
MAG-GUT28099,Ruminococcus
MAG-GUT28110,Ruminococcus
MAG-GUT28130,Ruminococcus
MAG-GUT28136,Clostridium
MAG-GUT28206,Azospirillum
MAG-GUT28243,Butyrivibrio
MAG-GUT28252,Ruminococcus
MAG-GUT28366,Ruminococcus
MAG-GUT28379,Ruminococcus
MAG-GUT2841,Alistipes
MAG-GUT2847,Barnesiella
MAG-GUT28570,Unassigned
MAG-GUT28651,Akkermansia
MAG-GUT2865,Azospirillum
MAG-GUT28666,Azospirillum
MAG-GUT28677,Barnesiella
MAG-GUT2867,Azospirillum
MAG-GUT28702,Azospirillum
MAG-GUT28721,Bifidobacterium
MAG-GUT28738,Alistipes
MAG-GUT2873,Bifidobacterium
MAG-GUT2874,Akkermansia
MAG-GUT28806,Unassigned
MAG-GUT2884,Ruminococcus
MAG-GUT28915,Unassigned
MAG-GUT28960,Azospirillum
MAG-GUT28964,Azospirillum
MAG-GUT28976,Azospirillum
MAG-GUT28983,Lachnospira
MAG-GUT29001,Azospirillum
MAG-GUT29051,Unassigned
MAG-GUT29076,Unassigned
MAG-GUT29111,Ruminococcus
MAG-GUT29134,Ruminococcus
MAG-GUT2914,Ruminococcus
MAG-GUT29175,Azospirillum
MAG-GUT29189,Acidaminococcus
MAG-GUT29214,Acidaminococcus
MAG-GUT29221,Acidaminococcus
MAG-GUT29239,Azospirillum
MAG-GUT29293,Clostridium
MAG-GUT29345,Ruminococcus
MAG-GUT29364,Unassigned
MAG-GUT29376,Unassigned
MAG-GUT2937,Ruminococcus
MAG-GUT29414,Collinsella
MAG-GUT29476,Acidaminococcus
MAG-GUT29483,Ruminococcus
MAG-GUT29494,Collinsella
MAG-GUT29515,Azospirillum
MAG-GUT29557,Sutterella
MAG-GUT29569,Azospirillum
MAG-GUT29582,Unassigned
MAG-GUT29587,Megasphaera
MAG-GUT29600,Unassigned
MAG-GUT2965,Unassigned
MAG-GUT29781,Megasphaera
MAG-GUT29784,Ruminococcus
MAG-GUT29812,Ruminococcus
MAG-GUT29856,Megasphaera
MAG-GUT29860,Clostridium
MAG-GUT29870,Eubacterium
MAG-GUT29878,Acidaminococcus
MAG-GUT29885,Clostridium
MAG-GUT29911,Unassigned
MAG-GUT29933,Ruminococcus
MAG-GUT29963,Sutterella
MAG-GUT30085,Sutterella
MAG-GUT30091,Megasphaera
MAG-GUT30098,Clostridium
MAG-GUT30099,Lachnospira
MAG-GUT30102,Unassigned
MAG-GUT30142,Unassigned
MAG-GUT30268,Ruminococcus
MAG-GUT30319,Ruminococcus
MAG-GUT30323,Ruminococcus
MAG-GUT30383,Unassigned
MAG-GUT30439,Clostridium
MAG-GUT30448,Ruminococcus
MAG-GUT30479,Clostridium
MAG-GUT30522,Ruminococcus
MAG-GUT30539,Unassigned
MAG-GUT30560,Ruminococcus
MAG-GUT30581,Megasphaera
MAG-GUT30604,Ruminococcus
MAG-GUT30639,Lactobacillus
MAG-GUT30699,Megasphaera
MAG-GUT30728,Unassigned
MAG-GUT308,Anaerotruncus
MAG-GUT3090,Unassigned
MAG-GUT30970,Unassigned
MAG-GUT31002,Barnesiella
MAG-GUT31010,Ruminococcus
MAG-GUT31018,Unassigned
MAG-GUT31079,Ruminococcus
MAG-GUT31093,Megasphaera
MAG-GUT3110,Ruminococcus
MAG-GUT31138,Unassigned
MAG-GUT31232,Unassigned
MAG-GUT31235,Unassigned
MAG-GUT31276,Azospirillum
MAG-GUT31302,Megasphaera
MAG-GUT31303,Lactobacillus
MAG-GUT31343,Prevotella
MAG-GUT31431,Oscillibacter
MAG-GUT31433,Ruminococcus
MAG-GUT31502,Unassigned
MAG-GUT31519,Unassigned
MAG-GUT31529,Ruminococcus
MAG-GUT31533,Clostridium
MAG-GUT31540,Barnesiella
MAG-GUT31546,Sutterella
MAG-GUT31555,Unassigned
MAG-GUT31580,Ruminococcus
MAG-GUT31702,Barnesiella
MAG-GUT31741,Azospirillum
MAG-GUT3175,Lachnospira
MAG-GUT31783,Ruminococcus
MAG-GUT31785,Ruminococcus
MAG-GUT317,Lactobacillus
MAG-GUT31802,Ruminococcus
MAG-GUT31872,Sutterella
MAG-GUT31931,Clostridium
MAG-GUT32002,Ruminococcus
MAG-GUT32018,Lachnospira
MAG-GUT32053,Lachnospira
MAG-GUT32102,Unassigned
MAG-GUT32106,Megasphaera
MAG-GUT32130,Ruminococcus
MAG-GUT3213,Eubacterium
MAG-GUT32169,Alistipes
MAG-GUT32170,Alistipes
MAG-GUT32215,Unassigned
MAG-GUT32242,Unassigned
MAG-GUT32255,Ruminococcus
MAG-GUT3231,Enterococcus
MAG-GUT32339,Enterococcus
MAG-GUT3233,Unassigned
MAG-GUT32343,Unassigned
MAG-GUT32351,Prevotella
MAG-GUT32354,Sutterella
MAG-GUT32356,Unassigned
MAG-GUT32383,Lachnospira
MAG-GUT32404,Unassigned
MAG-GUT32425,Unassigned
MAG-GUT32469,Sutterella
MAG-GUT32470,Ruminococcus
MAG-GUT32509,Unassigned
MAG-GUT32544,Unassigned
MAG-GUT32557,Clostridium
MAG-GUT32575,Unassigned
MAG-GUT32583,Ruminococcus
MAG-GUT32588,Barnesiella
MAG-GUT32654,Lactobacillus
MAG-GUT32667,Unassigned
MAG-GUT32691,Acidaminococcus
MAG-GUT32779,Unassigned
MAG-GUT32792,Ruminococcus
MAG-GUT32803,Azospirillum
MAG-GUT32879,Unassigned
MAG-GUT32882,Unassigned
MAG-GUT32889,Unassigned
MAG-GUT32902,Unassigned
MAG-GUT32929,Barnesiella
MAG-GUT32939,Ruminococcus
MAG-GUT32966,Unassigned
MAG-GUT32970,Unassigned
MAG-GUT3301,Unassigned
MAG-GUT33032,Ruminococcus
MAG-GUT33095,Clostridium
MAG-GUT3315,Unassigned
MAG-GUT3323,Unassigned
MAG-GUT33244,Collinsella
MAG-GUT33270,Alistipes
MAG-GUT33324,Unassigned
MAG-GUT33329,Barnesiella
MAG-GUT33356,Clostridium
MAG-GUT33386,Unassigned
MAG-GUT33415,Ruminococcus
MAG-GUT33443,Ruminococcus
MAG-GUT33511,Unassigned
MAG-GUT33530,Megasphaera
MAG-GUT33557,Lactobacillus
MAG-GUT33566,Collinsella
MAG-GUT33569,Sutterella
MAG-GUT335,Collinsella
MAG-GUT33604,Unassigned
MAG-GUT33640,Dialister
MAG-GUT33657,Unassigned
MAG-GUT33658,Acidaminococcus
MAG-GUT33659,Ruminococcus
MAG-GUT336,Ruminococcus
MAG-GUT3377,Veillonella
MAG-GUT33836,Lactobacillus
MAG-GUT33845,Ruminococcus
MAG-GUT33885,Ruminococcus
MAG-GUT33906,Ruminococcus
MAG-GUT33914,Unassigned
MAG-GUT33983,Ruminococcus
MAG-GUT34183,Ruminococcus
MAG-GUT34193,Unassigned
MAG-GUT34206,Succiniclasticum
MAG-GUT34223,Ruminococcus
MAG-GUT34245,Lactobacillus
MAG-GUT34249,Ruminococcus
MAG-GUT3427,Proteus
MAG-GUT3435,Proteus
MAG-GUT34421,Succiniclasticum
MAG-GUT34513,Succiniclasticum
MAG-GUT34540,Lactobacillus
MAG-GUT34569,Ruminococcus
MAG-GUT34592,Ruminococcus
MAG-GUT34594,Collinsella
MAG-GUT34600,Unassigned
MAG-GUT34661,Ruminococcus
MAG-GUT34689,Ruminococcus
MAG-GUT34724,Unassigned
MAG-GUT3474,Staphylococcus
MAG-GUT34763,Ruminococcus
MAG-GUT34778,Enterococcus
MAG-GUT3477,Succiniclasticum
MAG-GUT3478,Lactobacillus
MAG-GUT3479,Enterococcus
MAG-GUT34803,Staphylococcus
MAG-GUT3480,Ruminococcus
MAG-GUT34814,Ruminococcus
MAG-GUT34834,Ruminococcus
MAG-GUT3484,Enterococcus
MAG-GUT34892,Ruminococcus
MAG-GUT34932,Enterococcus
MAG-GUT34937,Oscillibacter
MAG-GUT3493,Ruminococcus
MAG-GUT34945,Lactobacillus
MAG-GUT34992,Enterococcus
MAG-GUT3499,Ruminococcus
MAG-GUT35070,Ruminococcus
MAG-GUT35087,Enterococcus
MAG-GUT3508,Unassigned
MAG-GUT35150,Ruminococcus
MAG-GUT35198,Collinsella
MAG-GUT35206,Unassigned
MAG-GUT35223,Unassigned
MAG-GUT35231,Succiniclasticum
MAG-GUT35271,Collinsella
MAG-GUT35302,Ruminococcus
MAG-GUT3531,Eggerthella
MAG-GUT35394,Sutterella
MAG-GUT35418,Ruminococcus
MAG-GUT35486,Enterococcus
MAG-GUT3548,Ruminococcus
MAG-GUT3553,Enterococcus
MAG-GUT35547,Ruminococcus
MAG-GUT35591,Clostridium
MAG-GUT35597,Unassigned
MAG-GUT3561,Enterococcus
MAG-GUT35625,Lachnospira
MAG-GUT35626,Eubacterium
MAG-GUT35629,Ruminococcus
MAG-GUT35641,Sutterella
MAG-GUT35683,Ruminococcus
MAG-GUT35732,Barnesiella
MAG-GUT35747,Alistipes
MAG-GUT35760,Lachnospira
MAG-GUT35789,Unassigned
MAG-GUT35807,Dialister
MAG-GUT35824,Ruminococcus
MAG-GUT35837,Unassigned
MAG-GUT35871,Barnesiella
MAG-GUT35918,Unassigned
MAG-GUT35922,Unassigned
MAG-GUT35934,Ruminococcus
MAG-GUT35935,Unassigned
MAG-GUT35943,Barnesiella
MAG-GUT35945,Clostridium
MAG-GUT35948,Unassigned
MAG-GUT35964,Unassigned
MAG-GUT36009,Lactobacillus
MAG-GUT36027,Unassigned
MAG-GUT36037,Unassigned
MAG-GUT36103,Solobacterium
MAG-GUT36136,Veillonella
MAG-GUT36138,Bifidobacterium
MAG-GUT36139,Lachnospira
MAG-GUT36148,Sutterella
MAG-GUT36218,Sutterella
MAG-GUT36222,Ruminococcus
MAG-GUT3624,Eubacterium
MAG-GUT36301,Lachnospira
MAG-GUT3630,Ruminococcus
MAG-GUT3631,Unassigned
MAG-GUT36419,Lachnospira
MAG-GUT36441,Unassigned
MAG-GUT3651,Unassigned
MAG-GUT36569,Ruminococcus
MAG-GUT36571,Barnesiella
MAG-GUT36577,Lachnospira
MAG-GUT36580,Clostridium
MAG-GUT36616,Unassigned
MAG-GUT36683,Sutterella
MAG-GUT36692,Unassigned
MAG-GUT36712,Ruminococcus
MAG-GUT36733,Barnesiella
MAG-GUT3674,Eubacterium
MAG-GUT36756,Unassigned
MAG-GUT36772,Alistipes
MAG-GUT36794,Unassigned
MAG-GUT36796,Barnesiella
MAG-GUT36799,Alistipes
MAG-GUT36814,Alistipes
MAG-GUT36916,Unassigned
MAG-GUT36922,Eubacterium
MAG-GUT36962,Ruminococcus
MAG-GUT36998,Megasphaera
MAG-GUT37024,Unassigned
MAG-GUT3702,Collinsella
MAG-GUT37063,Eubacterium
MAG-GUT37077,Ruminococcus
MAG-GUT37090,Bifidobacterium
MAG-GUT3710,Megasphaera
MAG-GUT37154,Unassigned
MAG-GUT37167,Dialister
MAG-GUT37176,Megasphaera
MAG-GUT37194,Ruminococcus
MAG-GUT37249,Azospirillum
MAG-GUT37277,Unassigned
MAG-GUT37279,Megasphaera
MAG-GUT37376,Megasphaera
MAG-GUT37378,Ruminococcus
MAG-GUT37384,Eubacterium
MAG-GUT37389,Sutterella
MAG-GUT37401,Clostridium
MAG-GUT37445,Barnesiella
MAG-GUT3745,Veillonella
MAG-GUT3747,Unassigned
MAG-GUT374,Eubacterium
MAG-GUT37542,Ruminococcus
MAG-GUT37553,Unassigned
MAG-GUT37559,Azospirillum
MAG-GUT37563,Unassigned
MAG-GUT37626,Ruminococcus
MAG-GUT37689,Megasphaera
MAG-GUT37747,Ruminococcus
MAG-GUT37758,Ruminococcus
MAG-GUT37818,Azospirillum
MAG-GUT37858,Unassigned
MAG-GUT37870,Unassigned
MAG-GUT37878,Clostridium
MAG-GUT37917,Barnesiella
MAG-GUT37934,Prevotella
MAG-GUT37939,Unassigned
MAG-GUT37942,Sutterella
MAG-GUT37950,Unassigned
MAG-GUT37961,Ruminococcus
MAG-GUT37976,Sutterella
MAG-GUT379,Acidaminococcus
MAG-GUT38016,Sutterella
MAG-GUT38052,Ruminococcus
MAG-GUT38093,Clostridium
MAG-GUT38145,Unassigned
MAG-GUT38177,Clostridium
MAG-GUT38182,Eubacterium
MAG-GUT38231,Unassigned
MAG-GUT38263,Collinsella
MAG-GUT38358,Ruminococcus
MAG-GUT38435,Ruminococcus
MAG-GUT38485,Unassigned
MAG-GUT3853,Unassigned
MAG-GUT38547,Clostridium
MAG-GUT38551,Dialister
MAG-GUT38584,Unassigned
MAG-GUT38585,Unassigned
MAG-GUT38587,Unassigned
MAG-GUT38589,Unassigned
MAG-GUT38605,Ruminococcus
MAG-GUT38625,Clostridium
MAG-GUT38697,Lachnospira
MAG-GUT38702,Megasphaera
MAG-GUT38735,Barnesiella
MAG-GUT3880,Megasphaera
MAG-GUT38840,Unassigned
MAG-GUT38856,Sutterella
MAG-GUT38906,Ruminococcus
MAG-GUT3891,Ruminococcus
MAG-GUT38999,Sutterella
MAG-GUT39017,Lachnospira
MAG-GUT39028,Anaerotruncus
MAG-GUT39078,Ruminococcus
MAG-GUT3907,Ruminococcus
MAG-GUT39088,Ruminococcus
MAG-GUT39095,Unassigned
MAG-GUT39098,Unassigned
MAG-GUT39107,Unassigned
MAG-GUT39108,Sutterella
MAG-GUT39136,Sutterella
MAG-GUT39139,Barnesiella
MAG-GUT39152,Unassigned
MAG-GUT39174,Sutterella
MAG-GUT39218,Ruminococcus
MAG-GUT3922,Sutterella
MAG-GUT39237,Unassigned
MAG-GUT39245,Sutterella
MAG-GUT39357,Clostridium
MAG-GUT39372,Unassigned
MAG-GUT39373,Ruminococcus
MAG-GUT39460,Sutterella
MAG-GUT39512,Unassigned
MAG-GUT39513,Eubacterium
MAG-GUT39565,Ruminococcus
MAG-GUT39582,Unassigned
MAG-GUT39583,Unassigned
MAG-GUT39588,Azospirillum
MAG-GUT39589,Lachnospira
MAG-GUT39606,Clostridium
MAG-GUT39805,Butyrivibrio
MAG-GUT3986,Sutterella
MAG-GUT39998,Azospirillum
MAG-GUT399,Unassigned
MAG-GUT40004,Unassigned
MAG-GUT40025,Unassigned
MAG-GUT40028,Unassigned
MAG-GUT40033,Unassigned
MAG-GUT40105,Unassigned
MAG-GUT40221,Barnesiella
MAG-GUT40251,Ruminococcus
MAG-GUT40305,Azospirillum
MAG-GUT40411,Ruminococcus
MAG-GUT4044,Unassigned
MAG-GUT40486,Ruminococcus
MAG-GUT40499,Azospirillum
MAG-GUT40517,Unassigned
MAG-GUT40608,Unassigned
MAG-GUT40620,Unassigned
MAG-GUT4062,Ruminococcus
MAG-GUT40638,Ruminococcus
MAG-GUT40702,Ruminococcus
MAG-GUT40706,Lachnospira
MAG-GUT40831,Bifidobacterium
MAG-GUT40856,Azospirillum
MAG-GUT40857,Ruminococcus
MAG-GUT408,Clostridium
MAG-GUT40941,Bifidobacterium
MAG-GUT409,Ruminococcus
MAG-GUT41020,Enterococcus
MAG-GUT41097,Unassigned
MAG-GUT41148,Prevotella
MAG-GUT41171,Clostridium
MAG-GUT41193,Ruminococcus
MAG-GUT41197,Ruminococcus
MAG-GUT4125,Ruminococcus
MAG-GUT412,Bifidobacterium
MAG-GUT41378,Unassigned
MAG-GUT4151,Unassigned
MAG-GUT41528,Ruminococcus
MAG-GUT41616,Unassigned
MAG-GUT41665,Ruminococcus
MAG-GUT41817,Unassigned
MAG-GUT41818,Bifidobacterium
MAG-GUT41852,Unassigned
MAG-GUT41860,Ruminococcus
MAG-GUT418,Unassigned
MAG-GUT41911,Barnesiella
MAG-GUT41924,Unassigned
MAG-GUT41956,Unassigned
MAG-GUT41,Eubacterium
MAG-GUT42066,Bifidobacterium
MAG-GUT4207,Unassigned
MAG-GUT420,Unassigned
MAG-GUT42116,Bifidobacterium
MAG-GUT42125,Azospirillum
MAG-GUT42163,Anaerotruncus
MAG-GUT42174,Ruminococcus
MAG-GUT421,Ruminococcus
MAG-GUT42210,Bifidobacterium
MAG-GUT42294,Azospirillum
MAG-GUT422,Azospirillum
MAG-GUT42317,Bifidobacterium
MAG-GUT42358,Ruminococcus
MAG-GUT423,Dialister
MAG-GUT42455,Ruminococcus
MAG-GUT42468,Lachnospira
MAG-GUT4247,Unassigned
MAG-GUT42485,Clostridium
MAG-GUT42494,Subdoligranulum
MAG-GUT42537,Bifidobacterium
MAG-GUT42578,Clostridium
MAG-GUT42584,Unassigned
MAG-GUT425,Clostridium
MAG-GUT4260,Sutterella
MAG-GUT42613,Unassigned
MAG-GUT42654,Ruminococcus
MAG-GUT42662,Unassigned
MAG-GUT42663,Unassigned
MAG-GUT42675,Ruminococcus
MAG-GUT42689,Unassigned
MAG-GUT4268,Streptococcus
MAG-GUT42699,Ruminococcus
MAG-GUT42710,Unassigned
MAG-GUT42731,Ruminococcus
MAG-GUT42774,Unassigned
MAG-GUT42780,Barnesiella
MAG-GUT42829,Ruminococcus
MAG-GUT42852,Prevotella
MAG-GUT42861,Unassigned
MAG-GUT42865,Bacteroides
MAG-GUT42867,Butyrivibrio
MAG-GUT4289,Ruminococcus
MAG-GUT429,Bifidobacterium
MAG-GUT4300,Bifidobacterium
MAG-GUT430,Clostridium
MAG-GUT43110,Bifidobacterium
MAG-GUT43146,Barnesiella
MAG-GUT43152,Sutterella
MAG-GUT43155,Acidaminococcus
MAG-GUT43176,Megasphaera
MAG-GUT43178,Ruminococcus
MAG-GUT431,Unassigned
MAG-GUT43216,Bifidobacterium
MAG-GUT43227,Megasphaera
MAG-GUT43233,Sutterella
MAG-GUT43248,Acidaminococcus
MAG-GUT43251,Acidaminococcus
MAG-GUT43254,Barnesiella
MAG-GUT43258,Sutterella
MAG-GUT43269,Solobacterium
MAG-GUT43289,Azospirillum
MAG-GUT432,Unassigned
MAG-GUT43329,Bifidobacterium
MAG-GUT43330,Acidaminococcus
MAG-GUT43366,Unassigned
MAG-GUT43377,Lachnospira
MAG-GUT43378,Prevotella
MAG-GUT4338,Prevotella
MAG-GUT433,Sutterella
MAG-GUT43402,Staphylococcus
MAG-GUT43425,Enterococcus
MAG-GUT43440,Proteus
MAG-GUT43446,Enterococcus
MAG-GUT43457,Enterococcus
MAG-GUT43462,Enterococcus
MAG-GUT43463,Enterococcus
MAG-GUT43483,Enterococcus
MAG-GUT43491,Staphylococcus
MAG-GUT43515,Bifidobacterium
MAG-GUT43534,Staphylococcus
MAG-GUT43570,Ruminococcus
MAG-GUT43573,Veillonella
MAG-GUT43577,Enterococcus
MAG-GUT435,Enterococcus
MAG-GUT43620,Enterococcus
MAG-GUT43623,Bifidobacterium
MAG-GUT43628,Bifidobacterium
MAG-GUT43633,Ruminococcus
MAG-GUT43648,Barnesiella
MAG-GUT43658,Ruminococcus
MAG-GUT43691,Azospirillum
MAG-GUT43698,Veillonella
MAG-GUT43751,Enterococcus
MAG-GUT43773,Unassigned
MAG-GUT43797,Eubacterium
MAG-GUT43835,Acidaminococcus
MAG-GUT43894,Clostridium
MAG-GUT4390,Ruminococcus
MAG-GUT43934,Bifidobacterium
MAG-GUT43936,Lactobacillus
MAG-GUT43943,Enterococcus
MAG-GUT43946,Anaerotruncus
MAG-GUT43957,Barnesiella
MAG-GUT44000,Veillonella
MAG-GUT44002,Enterococcus
MAG-GUT44104,Bifidobacterium
MAG-GUT44111,Streptococcus
MAG-GUT44112,Veillonella
MAG-GUT44177,Lactobacillus
MAG-GUT44179,Enterococcus
MAG-GUT44190,Staphylococcus
MAG-GUT441,Unassigned
MAG-GUT44212,Unassigned
MAG-GUT44261,Unassigned
MAG-GUT4426,Unassigned
MAG-GUT44374,Eubacterium
MAG-GUT4440,Bifidobacterium
MAG-GUT44412,Clostridium
MAG-GUT44433,Unassigned
MAG-GUT44474,Lactobacillus
MAG-GUT44484,Unassigned
MAG-GUT44488,Unassigned
MAG-GUT444,Ruminococcus
MAG-GUT44512,Bifidobacterium
MAG-GUT44522,Bifidobacterium
MAG-GUT44539,Anaerotruncus
MAG-GUT44544,Enterococcus
MAG-GUT44598,Enterococcus
MAG-GUT445,Clostridium
MAG-GUT44617,Bifidobacterium
MAG-GUT44662,Enterococcus
MAG-GUT44666,Veillonella
MAG-GUT44688,Enterococcus
MAG-GUT446,Collinsella
MAG-GUT44736,Bifidobacterium
MAG-GUT44748,Azospirillum
MAG-GUT44774,Barnesiella
MAG-GUT44840,Unassigned
MAG-GUT44851,Veillonella
MAG-GUT44855,Azospirillum
MAG-GUT44900,Bifidobacterium
MAG-GUT44944,Ruminococcus
MAG-GUT44961,Barnesiella
MAG-GUT449,Bifidobacterium
MAG-GUT45009,Bifidobacterium
MAG-GUT45058,Lachnospira
MAG-GUT45059,Ruminococcus
MAG-GUT45062,Ruminococcus
MAG-GUT45090,Unassigned
MAG-GUT45094,Eggerthella
MAG-GUT450,Unassigned
MAG-GUT45122,Barnesiella
MAG-GUT45166,Unassigned
MAG-GUT45172,Lachnospira
MAG-GUT45205,Bifidobacterium
MAG-GUT45212,Unassigned
MAG-GUT45214,Unassigned
MAG-GUT45263,Barnesiella
MAG-GUT452,Barnesiella
MAG-GUT45317,Bifidobacterium
MAG-GUT45331,Veillonella
MAG-GUT45352,Unassigned
MAG-GUT45377,Azospirillum
MAG-GUT45396,Ruminococcus
MAG-GUT453,Barnesiella
MAG-GUT45417,Lachnospira
MAG-GUT45512,Bifidobacterium
MAG-GUT4552,Clostridium
MAG-GUT45537,Bacteroides
MAG-GUT455,Ruminococcus
MAG-GUT45607,Bifidobacterium
MAG-GUT45615,Ruminococcus
MAG-GUT45633,Eubacterium
MAG-GUT4564,Veillonella
MAG-GUT45670,Ruminococcus
MAG-GUT45684,Barnesiella
MAG-GUT45687,Veillonella
MAG-GUT456,Staphylococcus
MAG-GUT45705,Bifidobacterium
MAG-GUT45719,Unassigned
MAG-GUT45758,Veillonella
MAG-GUT45776,Azospirillum
MAG-GUT4577,Bifidobacterium
MAG-GUT45791,Veillonella
MAG-GUT457,Unassigned
MAG-GUT45814,Lachnospira
MAG-GUT45829,Bifidobacterium
MAG-GUT45858,Bacteroides
MAG-GUT4585,Anaerotruncus
MAG-GUT45882,Enterococcus
MAG-GUT45894,Ruminococcus
MAG-GUT45903,Bifidobacterium
MAG-GUT45923,Acidaminococcus
MAG-GUT459,Unassigned
MAG-GUT4600,Unassigned
MAG-GUT4602,Ruminococcus
MAG-GUT46037,Unassigned
MAG-GUT46039,Azospirillum
MAG-GUT46159,Bifidobacterium
MAG-GUT46165,Unassigned
MAG-GUT46167,Veillonella
MAG-GUT4616,Barnesiella
MAG-GUT46175,Ruminococcus
MAG-GUT46179,Unassigned
MAG-GUT46181,Ruminococcus
MAG-GUT46186,Unassigned
MAG-GUT46199,Sutterella
MAG-GUT46219,Bifidobacterium
MAG-GUT46247,Unassigned
MAG-GUT46257,Veillonella
MAG-GUT46265,Peptoniphilus
MAG-GUT462,Lactobacillus
MAG-GUT4634,Bifidobacterium
MAG-GUT46354,Prevotella
MAG-GUT46378,Ruminococcus
MAG-GUT46397,Barnesiella
MAG-GUT463,Clostridium
MAG-GUT46435,Bifidobacterium
MAG-GUT46437,Veillonella
MAG-GUT46441,Enterococcus
MAG-GUT46486,Enterococcus
MAG-GUT46493,Bifidobacterium
MAG-GUT46496,Bifidobacterium
MAG-GUT464,Lactobacillus
MAG-GUT4651,Bifidobacterium
MAG-GUT46526,Prevotella
MAG-GUT46540,Ruminococcus
MAG-GUT465,Lachnospira
MAG-GUT46630,Ruminococcus
MAG-GUT46649,Lactobacillus
MAG-GUT46652,Clostridium
MAG-GUT46658,Unassigned
MAG-GUT46719,Bifidobacterium
MAG-GUT46722,Bifidobacterium
MAG-GUT46760,Lactobacillus
MAG-GUT46783,Bifidobacterium
MAG-GUT467,Unassigned
MAG-GUT46826,Bifidobacterium
MAG-GUT46868,Unassigned
MAG-GUT46888,Enterococcus
MAG-GUT468,Ruminococcus
MAG-GUT46914,Bifidobacterium
MAG-GUT46922,Lachnospira
MAG-GUT46923,Veillonella
MAG-GUT46931,Campylobacter
MAG-GUT46962,Veillonella
MAG-GUT46965,Enterococcus
MAG-GUT46987,Clostridium
MAG-GUT469,Veillonella
MAG-GUT47063,Bifidobacterium
MAG-GUT47072,Streptococcus
MAG-GUT470,Ruminococcus
MAG-GUT47106,Bifidobacterium
MAG-GUT47124,Megasphaera
MAG-GUT47144,Ruminococcus
MAG-GUT47176,Eubacterium
MAG-GUT47179,Azospirillum
MAG-GUT47180,Lactobacillus
MAG-GUT47186,Sutterella
MAG-GUT471,Veillonella
MAG-GUT47205,Barnesiella
MAG-GUT47222,Veillonella
MAG-GUT47256,Lachnospira
MAG-GUT4726,Ruminococcus
MAG-GUT47330,Bifidobacterium
MAG-GUT47410,Ruminococcus
MAG-GUT47464,Bifidobacterium
MAG-GUT47531,Enterococcus
MAG-GUT47559,Streptococcus
MAG-GUT47585,Bifidobacterium
MAG-GUT47603,Eubacterium
MAG-GUT4760,Anaerotruncus
MAG-GUT47622,Veillonella
MAG-GUT47637,Staphylococcus
MAG-GUT47676,Veillonella
MAG-GUT47723,Staphylococcus
MAG-GUT47777,Bifidobacterium
MAG-GUT47782,Staphylococcus
MAG-GUT47800,Barnesiella
MAG-GUT47808,Ruminococcus
MAG-GUT47840,Unassigned
MAG-GUT47843,Unassigned
MAG-GUT47875,Acidaminococcus
MAG-GUT47922,Veillonella
MAG-GUT47959,Ruminococcus
MAG-GUT47995,Ruminococcus
MAG-GUT48077,Barnesiella
MAG-GUT48190,Veillonella
MAG-GUT48218,Unassigned
MAG-GUT48247,Veillonella
MAG-GUT48276,Barnesiella
MAG-GUT48302,Azospirillum
MAG-GUT48321,Unassigned
MAG-GUT4832,Ruminococcus
MAG-GUT48445,Unassigned
MAG-GUT48460,Ruminococcus
MAG-GUT48488,Enterococcus
MAG-GUT48498,Enterococcus
MAG-GUT48566,Enterococcus
MAG-GUT48571,Staphylococcus
MAG-GUT48579,Bifidobacterium
MAG-GUT48585,Enterococcus
MAG-GUT48612,Enterococcus
MAG-GUT48628,Veillonella
MAG-GUT48629,Enterococcus
MAG-GUT48630,Veillonella
MAG-GUT48634,Veillonella
MAG-GUT48635,Veillonella
MAG-GUT48651,Veillonella
MAG-GUT48654,Veillonella
MAG-GUT48673,Enterococcus
MAG-GUT48681,Propionibacterium
MAG-GUT48682,Enterococcus
MAG-GUT48684,Veillonella
MAG-GUT48686,Enterococcus
MAG-GUT48694,Veillonella
MAG-GUT48704,Enterococcus
MAG-GUT48721,Propionibacterium
MAG-GUT48723,Enterococcus
MAG-GUT48733,Veillonella
MAG-GUT48735,Streptococcus
MAG-GUT48749,Enterococcus
MAG-GUT48754,Enterococcus
MAG-GUT48761,Enterococcus
MAG-GUT48763,Propionibacterium
MAG-GUT48773,Proteus
MAG-GUT48779,Veillonella
MAG-GUT48798,Enterococcus
MAG-GUT48801,Propionibacterium
MAG-GUT48804,Enterococcus
MAG-GUT48805,Corynebacterium
MAG-GUT48825,Veillonella
MAG-GUT48829,Enterococcus
MAG-GUT48834,Enterococcus
MAG-GUT48852,Propionibacterium
MAG-GUT48863,Veillonella
MAG-GUT48887,Enterococcus
MAG-GUT48894,Enterococcus
MAG-GUT48902,Veillonella
MAG-GUT48923,Veillonella
MAG-GUT48926,Lactobacillus
MAG-GUT48940,Staphylococcus
MAG-GUT48943,Veillonella
MAG-GUT48949,Veillonella
MAG-GUT48957,Veillonella
MAG-GUT48959,Veillonella
MAG-GUT48964,Veillonella
MAG-GUT48968,Enterococcus
MAG-GUT48971,Enterococcus
MAG-GUT48976,Enterococcus
MAG-GUT48986,Veillonella
MAG-GUT48995,Propionibacterium
MAG-GUT49002,Enterococcus
MAG-GUT49003,Veillonella
MAG-GUT49004,Enterococcus
MAG-GUT49005,Staphylococcus
MAG-GUT49009,Propionibacterium
MAG-GUT49010,Enterococcus
MAG-GUT49011,Veillonella
MAG-GUT49015,Enterococcus
MAG-GUT49023,Unassigned
MAG-GUT49026,Enterococcus
MAG-GUT4902,Veillonella
MAG-GUT49035,Veillonella
MAG-GUT49036,Veillonella
MAG-GUT49041,Propionibacterium
MAG-GUT49046,Corynebacterium
MAG-GUT49051,Streptococcus
MAG-GUT49058,Propionibacterium
MAG-GUT49063,Enterococcus
MAG-GUT49069,Enterococcus
MAG-GUT49070,Enterococcus
MAG-GUT49071,Staphylococcus
MAG-GUT49075,Enterococcus
MAG-GUT49076,Lactobacillus
MAG-GUT49079,Propionibacterium
MAG-GUT49083,Enterococcus
MAG-GUT49101,Enterococcus
MAG-GUT49107,Lactobacillus
MAG-GUT49118,Enterococcus
MAG-GUT49170,Enterococcus
MAG-GUT49176,Enterococcus
MAG-GUT49179,Staphylococcus
MAG-GUT49203,Veillonella
MAG-GUT49226,Enterococcus
MAG-GUT49236,Enterococcus
MAG-GUT49243,Propionibacterium
MAG-GUT49261,Propionibacterium
MAG-GUT49266,Veillonella
MAG-GUT49289,Enterococcus
MAG-GUT49294,Veillonella
MAG-GUT49297,Enterococcus
MAG-GUT49302,Enterococcus
MAG-GUT49309,Veillonella
MAG-GUT49315,Enterococcus
MAG-GUT49326,Enterococcus
MAG-GUT49328,Veillonella
MAG-GUT49329,Enterococcus
MAG-GUT49355,Veillonella
MAG-GUT49356,Enterococcus
MAG-GUT49359,Enterococcus
MAG-GUT49371,Veillonella
MAG-GUT49379,Enterococcus
MAG-GUT49384,Streptococcus
MAG-GUT49393,Enterococcus
MAG-GUT49394,Propionibacterium
MAG-GUT49399,Veillonella
MAG-GUT49403,Enterococcus
MAG-GUT49409,Enterococcus
MAG-GUT49414,Veillonella
MAG-GUT49423,Unassigned
MAG-GUT4942,Propionibacterium
MAG-GUT49445,Lactobacillus
MAG-GUT49456,Enterococcus
MAG-GUT49458,Enterococcus
MAG-GUT49469,Enterococcus
MAG-GUT49474,Veillonella
MAG-GUT49487,Proteus
MAG-GUT49499,Enterococcus
MAG-GUT49507,Eubacterium
MAG-GUT4950,Propionibacterium
MAG-GUT49512,Enterococcus
MAG-GUT49516,Veillonella
MAG-GUT49526,Peptoniphilus
MAG-GUT49529,Enterococcus
MAG-GUT49534,Veillonella
MAG-GUT49535,Enterococcus
MAG-GUT49537,Propionibacterium
MAG-GUT49539,Enterococcus
MAG-GUT49541,Enterococcus
MAG-GUT49542,Lactobacillus
MAG-GUT49543,Propionibacterium
MAG-GUT49545,Veillonella
MAG-GUT49558,Veillonella
MAG-GUT49567,Enterococcus
MAG-GUT49568,Veillonella
MAG-GUT49571,Veillonella
MAG-GUT49574,Enterococcus
MAG-GUT49576,Veillonella
MAG-GUT49583,Veillonella
MAG-GUT49589,Veillonella
MAG-GUT49593,Enterococcus
MAG-GUT49596,Veillonella
MAG-GUT49597,Veillonella
MAG-GUT49599,Enterococcus
MAG-GUT49604,Veillonella
MAG-GUT49609,Enterococcus
MAG-GUT49616,Enterococcus
MAG-GUT4969,Unassigned
MAG-GUT49727,Ruminococcus
MAG-GUT49742,Ruminococcus
MAG-GUT49744,Ruminococcus
MAG-GUT49768,Ruminococcus
MAG-GUT49797,Alistipes
MAG-GUT4979,Ruminococcus
MAG-GUT49813,Ruminococcus
MAG-GUT49824,Ruminococcus
MAG-GUT49876,Ruminococcus
MAG-GUT50003,Azospirillum
MAG-GUT50015,Azospirillum
MAG-GUT5004,Megasphaera
MAG-GUT50121,Unassigned
MAG-GUT50132,Unassigned
MAG-GUT50219,Ruminococcus
MAG-GUT50240,Unassigned
MAG-GUT502,Lachnospira
MAG-GUT50478,Bacteroides
MAG-GUT50480,Unassigned
MAG-GUT50483,Prevotella
MAG-GUT50492,Unassigned
MAG-GUT50502,Unassigned
MAG-GUT50505,Unassigned
MAG-GUT50508,Bacteroides
MAG-GUT50522,Ruminococcus
MAG-GUT50532,Ruminococcus
MAG-GUT50591,Anaerotruncus
MAG-GUT5060,Ruminococcus
MAG-GUT50627,Unassigned
MAG-GUT50714,Ruminococcus
MAG-GUT50752,Unassigned
MAG-GUT50760,Ruminococcus
MAG-GUT50773,Ruminococcus
MAG-GUT5083,Ruminococcus
MAG-GUT5085,Sutterella
MAG-GUT50866,Azospirillum
MAG-GUT50868,Anaerotruncus
MAG-GUT50872,Azospirillum
MAG-GUT50906,Azospirillum
MAG-GUT50925,Azospirillum
MAG-GUT50928,Azospirillum
MAG-GUT50936,Azospirillum
MAG-GUT51267,Enterococcus
MAG-GUT51274,Unassigned
MAG-GUT51297,Unassigned
MAG-GUT51299,Unassigned
MAG-GUT51304,Ruminococcus
MAG-GUT51316,Ruminococcus
MAG-GUT51339,Ruminococcus
MAG-GUT51353,Ruminococcus
MAG-GUT51357,Ruminococcus
MAG-GUT51377,Butyrivibrio
MAG-GUT51488,Butyrivibrio
MAG-GUT51497,Ruminococcus
MAG-GUT51504,Ruminococcus
MAG-GUT51557,Ruminococcus
MAG-GUT51559,Prevotella
MAG-GUT51569,Prevotella
MAG-GUT51607,Ruminococcus
MAG-GUT5168,Ruminococcus
MAG-GUT51748,Eubacterium
MAG-GUT51766,Akkermansia
MAG-GUT51918,Akkermansia
MAG-GUT51921,Ruminococcus
MAG-GUT51926,Ruminococcus
MAG-GUT51928,Acidaminococcus
MAG-GUT51929,Acidaminococcus
MAG-GUT51949,Ruminococcus
MAG-GUT5195,Unassigned
MAG-GUT51968,Unassigned
MAG-GUT51975,Unassigned
MAG-GUT51979,Unassigned
MAG-GUT5199,Unassigned
MAG-GUT51,Veillonella
MAG-GUT52007,Butyrivibrio
MAG-GUT52094,Clostridium
MAG-GUT52107,Clostridium
MAG-GUT52138,Clostridium
MAG-GUT52236,Ruminococcus
MAG-GUT52246,Ruminococcus
MAG-GUT52319,Unassigned
MAG-GUT5249,Prevotella
MAG-GUT52579,Faecalibacterium
MAG-GUT5258,Unassigned
MAG-GUT52677,Ruminococcus
MAG-GUT52709,Unassigned
MAG-GUT52757,Ruminococcus
MAG-GUT52820,Anaerotruncus
MAG-GUT52821,Butyrivibrio
MAG-GUT52871,Unassigned
MAG-GUT52881,Unassigned
MAG-GUT52916,Unassigned
MAG-GUT52923,Unassigned
MAG-GUT52941,Unassigned
MAG-GUT52992,Bacteroides
MAG-GUT52995,Lachnospira
MAG-GUT53012,Clostridium
MAG-GUT53015,Lachnospira
MAG-GUT53019,Lachnospira
MAG-GUT53033,Lachnospira
MAG-GUT53065,Unassigned
MAG-GUT53133,Azospirillum
MAG-GUT53142,Azospirillum
MAG-GUT53199,Ruminococcus
MAG-GUT5319,Unassigned
MAG-GUT53236,Clostridium
MAG-GUT53418,Acidaminococcus
MAG-GUT5341,Unassigned
MAG-GUT5342,Unassigned
MAG-GUT53494,Unassigned
MAG-GUT53512,Unassigned
MAG-GUT53548,Ruminococcus
MAG-GUT53550,Unassigned
MAG-GUT5358,Unassigned
MAG-GUT53613,Unassigned
MAG-GUT53617,Unassigned
MAG-GUT53622,Ruminococcus
MAG-GUT53689,Prevotella
MAG-GUT5371,Unassigned
MAG-GUT5375,Bacteroides
MAG-GUT5376,Ruminococcus
MAG-GUT53810,Unassigned
MAG-GUT53925,Ruminococcus
MAG-GUT5396,Ruminococcus
MAG-GUT53979,Unassigned
MAG-GUT53991,Ruminococcus
MAG-GUT5430,Unassigned
MAG-GUT54322,Ruminococcus
MAG-GUT54365,Unassigned
MAG-GUT54489,Ruminococcus
MAG-GUT5449,Anaerotruncus
MAG-GUT54519,Eubacterium
MAG-GUT54544,Unassigned
MAG-GUT54559,Anaerotruncus
MAG-GUT54574,Prevotella
MAG-GUT54583,Megasphaera
MAG-GUT54681,Unassigned
MAG-GUT5471,Ruminococcus
MAG-GUT54831,Alistipes
MAG-GUT5486,Collinsella
MAG-GUT54926,Unassigned
MAG-GUT54931,Unassigned
MAG-GUT54955,Bifidobacterium
MAG-GUT54996,Ruminococcus
MAG-GUT55179,Unassigned
MAG-GUT55210,Prevotella
MAG-GUT55217,Unassigned
MAG-GUT5525,Unassigned
MAG-GUT55383,Dialister
MAG-GUT55461,Ruminococcus
MAG-GUT55474,Ruminococcus
MAG-GUT55518,Ruminococcus
MAG-GUT5551,Ruminococcus
MAG-GUT55540,Ruminococcus
MAG-GUT55621,Ruminococcus
MAG-GUT5563,Unassigned
MAG-GUT55663,Bifidobacterium
MAG-GUT55688,Bifidobacterium
MAG-GUT55743,Unassigned
MAG-GUT5576,Ruminococcus
MAG-GUT5577,Ruminococcus
MAG-GUT55792,Bifidobacterium
MAG-GUT55810,Unassigned
MAG-GUT55970,Ruminococcus
MAG-GUT55993,Ruminococcus
MAG-GUT56059,Bifidobacterium
MAG-GUT5612,Ruminococcus
MAG-GUT56151,Ruminococcus
MAG-GUT56228,Ruminococcus
MAG-GUT56241,Ruminococcus
MAG-GUT56243,Unassigned
MAG-GUT5628,Ruminococcus
MAG-GUT56307,Ruminococcus
MAG-GUT56334,Solobacterium
MAG-GUT56345,Ruminococcus
MAG-GUT5634,Alistipes
MAG-GUT5635,Unassigned
MAG-GUT56361,Unassigned
MAG-GUT56414,Unassigned
MAG-GUT56417,Barnesiella
MAG-GUT56425,Solobacterium
MAG-GUT56434,Ruminococcus
MAG-GUT56457,Unassigned
MAG-GUT56503,Ruminococcus
MAG-GUT56517,Ruminococcus
MAG-GUT56545,Sutterella
MAG-GUT56559,Acidaminococcus
MAG-GUT56566,Sutterella
MAG-GUT56570,Megasphaera
MAG-GUT56604,Acidaminococcus
MAG-GUT56620,Ruminococcus
MAG-GUT56622,Unassigned
MAG-GUT56644,Ruminococcus
MAG-GUT56645,Unassigned
MAG-GUT56652,Unassigned
MAG-GUT56660,Unassigned
MAG-GUT5673,Anaerotruncus
MAG-GUT56762,Acidaminococcus
MAG-GUT5676,Ruminococcus
MAG-GUT56776,Ruminococcus
MAG-GUT56791,Unassigned
MAG-GUT56852,Sutterella
MAG-GUT56854,Ruminococcus
MAG-GUT5687,Veillonella
MAG-GUT56882,Ruminococcus
MAG-GUT56896,Ruminococcus
MAG-GUT56948,Unassigned
MAG-GUT56987,Unassigned
MAG-GUT57018,Ruminococcus
MAG-GUT57047,Ruminococcus
MAG-GUT57064,Ruminococcus
MAG-GUT57066,Acidaminococcus
MAG-GUT57069,Megasphaera
MAG-GUT57085,Sutterella
MAG-GUT57094,Unassigned
MAG-GUT57096,Unassigned
MAG-GUT57104,Ruminococcus
MAG-GUT57105,Ruminococcus
MAG-GUT57140,Ruminococcus
MAG-GUT57158,Barnesiella
MAG-GUT57167,Unassigned
MAG-GUT57173,Sutterella
MAG-GUT57190,Acidaminococcus
MAG-GUT57196,Ruminococcus
MAG-GUT57200,Ruminococcus
MAG-GUT5720,Unassigned
MAG-GUT57264,Enterococcus
MAG-GUT57273,Clostridium
MAG-GUT5727,Clostridium
MAG-GUT57343,Unassigned
MAG-GUT57346,Acidaminococcus
MAG-GUT57352,Clostridium
MAG-GUT57360,Ruminococcus
MAG-GUT57392,Collinsella
MAG-GUT57398,Acidaminococcus
MAG-GUT57416,Lactobacillus
MAG-GUT57423,Ruminococcus
MAG-GUT57442,Enterococcus
MAG-GUT57492,Collinsella
MAG-GUT57498,Acidaminococcus
MAG-GUT57542,Acidaminococcus
MAG-GUT57584,Ruminococcus
MAG-GUT57592,Acidaminococcus
MAG-GUT57658,Unassigned
MAG-GUT57680,Clostridium
MAG-GUT57682,Unassigned
MAG-GUT57684,Unassigned
MAG-GUT57687,Unassigned
MAG-GUT57690,Unassigned
MAG-GUT57693,Unassigned
MAG-GUT57726,Sutterella
MAG-GUT57727,Ruminococcus
MAG-GUT57729,Prevotella
MAG-GUT57739,Unassigned
MAG-GUT57765,Megasphaera
MAG-GUT57771,Acidaminococcus
MAG-GUT57773,Ruminococcus
MAG-GUT57797,Unassigned
MAG-GUT57808,Unassigned
MAG-GUT57819,Slackia
MAG-GUT57902,Ruminococcus
MAG-GUT57904,Unassigned
MAG-GUT57924,Blautia
MAG-GUT57959,Unassigned
MAG-GUT57988,Acidaminococcus
MAG-GUT58004,Unassigned
MAG-GUT58014,Solobacterium
MAG-GUT58031,Clostridium
MAG-GUT58077,Unassigned
MAG-GUT58131,Ruminococcus
MAG-GUT58133,Acidaminococcus
MAG-GUT58135,Unassigned
MAG-GUT58137,Ruminococcus
MAG-GUT58152,Clostridium
MAG-GUT58156,Unassigned
MAG-GUT58166,Unassigned
MAG-GUT58179,Sutterella
MAG-GUT58180,Ruminococcus
MAG-GUT58214,Sutterella
MAG-GUT58303,Unassigned
MAG-GUT58310,Acidaminococcus
MAG-GUT58312,Ruminococcus
MAG-GUT58318,Unassigned
MAG-GUT58338,Unassigned
MAG-GUT58392,Unassigned
MAG-GUT58432,Ruminococcus
MAG-GUT58437,Unassigned
MAG-GUT5848,Prevotella
MAG-GUT58490,Ruminococcus
MAG-GUT58607,Unassigned
MAG-GUT58671,Ruminococcus
MAG-GUT58672,Acidaminococcus
MAG-GUT58689,Ruminococcus
MAG-GUT58695,Unassigned
MAG-GUT58706,Unassigned
MAG-GUT58707,Akkermansia
MAG-GUT58768,Unassigned
MAG-GUT5880,Solobacterium
MAG-GUT5884,Unassigned
MAG-GUT58856,Unassigned
MAG-GUT58896,Unassigned
MAG-GUT58937,Unassigned
MAG-GUT58938,Barnesiella
MAG-GUT58949,Unassigned
MAG-GUT58957,Ruminococcus
MAG-GUT58986,Ruminococcus
MAG-GUT5899,Unassigned
MAG-GUT59019,Clostridium
MAG-GUT59039,Clostridium
MAG-GUT59042,Ruminococcus
MAG-GUT59077,Unassigned
MAG-GUT59114,Unassigned
MAG-GUT59149,Ruminococcus
MAG-GUT5914,Prevotella
MAG-GUT59155,Unassigned
MAG-GUT59166,Unassigned
MAG-GUT59205,Veillonella
MAG-GUT5920,Unassigned
MAG-GUT59273,Lachnospira
MAG-GUT59278,Lactobacillus
MAG-GUT59296,Slackia
MAG-GUT59351,Barnesiella
MAG-GUT59382,Ruminococcus
MAG-GUT593,Ruminococcus
MAG-GUT59412,Ruminococcus
MAG-GUT59472,Unassigned
MAG-GUT59481,Bifidobacterium
MAG-GUT5948,Ruminococcus
MAG-GUT59492,Unassigned
MAG-GUT59497,Ruminococcus
MAG-GUT594,Clostridium
MAG-GUT59502,Acidaminococcus
MAG-GUT59515,Unassigned
MAG-GUT59532,Collinsella
MAG-GUT59561,Collinsella
MAG-GUT59569,Collinsella
MAG-GUT59576,Acidaminococcus
MAG-GUT59579,Barnesiella
MAG-GUT59590,Acidaminococcus
MAG-GUT59593,Solobacterium
MAG-GUT59599,Megasphaera
MAG-GUT5959,Barnesiella
MAG-GUT59626,Acidaminococcus
MAG-GUT59628,Ruminococcus
MAG-GUT59716,Unassigned
MAG-GUT59727,Unassigned
MAG-GUT5979,Unassigned
MAG-GUT59827,Lachnospira
MAG-GUT5994,Ruminococcus
MAG-GUT59980,Unassigned
MAG-GUT60025,Unassigned
MAG-GUT60028,Ruminococcus
MAG-GUT60072,Ruminococcus
MAG-GUT60077,Unassigned
MAG-GUT60123,Acidaminococcus
MAG-GUT6013,Acidaminococcus
MAG-GUT60153,Ruminococcus
MAG-GUT60157,Ruminococcus
MAG-GUT60158,Acidaminococcus
MAG-GUT60164,Unassigned
MAG-GUT60274,Unassigned
MAG-GUT6030,Unassigned
MAG-GUT60320,Unassigned
MAG-GUT60365,Acidaminococcus
MAG-GUT60370,Lactobacillus
MAG-GUT60374,Acidaminococcus
MAG-GUT60386,Sutterella
MAG-GUT60388,Unassigned
MAG-GUT60414,Ruminococcus
MAG-GUT60466,Unassigned
MAG-GUT60491,Acidaminococcus
MAG-GUT60503,Unassigned
MAG-GUT60605,Ruminococcus
MAG-GUT60756,Acidaminococcus
MAG-GUT60769,Megasphaera
MAG-GUT60783,Unassigned
MAG-GUT60799,Unassigned
MAG-GUT60810,Unassigned
MAG-GUT60838,Ruminococcus
MAG-GUT60840,Ruminococcus
MAG-GUT60850,Ruminococcus
MAG-GUT60874,Clostridium
MAG-GUT60882,Unassigned
MAG-GUT60901,Acidaminococcus
MAG-GUT60999,Ruminococcus
MAG-GUT61036,Acidaminococcus
MAG-GUT61037,Unassigned
MAG-GUT61101,Unassigned
MAG-GUT61128,Ruminococcus
MAG-GUT61143,Unassigned
MAG-GUT61151,Ruminococcus
MAG-GUT61159,Ruminococcus
MAG-GUT61164,Clostridium
MAG-GUT61176,Unassigned
MAG-GUT61197,Lactobacillus
MAG-GUT61230,Unassigned
MAG-GUT61245,Unassigned
MAG-GUT61259,Ruminococcus
MAG-GUT61266,Unassigned
MAG-GUT61376,Unassigned
MAG-GUT61406,Acidaminococcus
MAG-GUT61409,Ruminococcus
MAG-GUT61416,Sutterella
MAG-GUT61453,Unassigned
MAG-GUT61486,Ruminococcus
MAG-GUT61515,Lachnospira
MAG-GUT61546,Ruminococcus
MAG-GUT61584,Ruminococcus
MAG-GUT61623,Unassigned
MAG-GUT61624,Acidaminococcus
MAG-GUT61634,Unassigned
MAG-GUT61637,Megasphaera
MAG-GUT61639,Sutterella
MAG-GUT61658,Ruminococcus
MAG-GUT61666,Acidaminococcus
MAG-GUT61681,Collinsella
MAG-GUT61708,Unassigned
MAG-GUT61735,Akkermansia
MAG-GUT61749,Sutterella
MAG-GUT61753,Akkermansia
MAG-GUT61794,Ruminococcus
MAG-GUT61880,Sutterella
MAG-GUT61918,Enterococcus
MAG-GUT61937,Unassigned
MAG-GUT61940,Acidaminococcus
MAG-GUT61956,Unassigned
MAG-GUT61959,Ruminococcus
MAG-GUT62011,Clostridium
MAG-GUT62023,Ruminococcus
MAG-GUT62028,Bifidobacterium
MAG-GUT62033,Unassigned
MAG-GUT62054,Faecalibacterium
MAG-GUT62063,Acidaminococcus
MAG-GUT62096,Ruminococcus
MAG-GUT62117,Ruminococcus
MAG-GUT62119,Acidaminococcus
MAG-GUT62134,Megasphaera
MAG-GUT62206,Sutterella
MAG-GUT6222,Unassigned
MAG-GUT6224,Enterococcus
MAG-GUT62257,Streptococcus
MAG-GUT62279,Unassigned
MAG-GUT62293,Eubacterium
MAG-GUT6229,Enterococcus
MAG-GUT6233,Slackia
MAG-GUT62370,Enterococcus
MAG-GUT6238,Sutterella
MAG-GUT62393,Enterococcus
MAG-GUT62413,Akkermansia
MAG-GUT6241,Enterococcus
MAG-GUT62429,Ruminococcus
MAG-GUT62444,Unassigned
MAG-GUT6244,Propionibacterium
MAG-GUT62461,Acidaminococcus
MAG-GUT62468,Ruminococcus
MAG-GUT6247,Sutterella
MAG-GUT62485,Propionibacterium
MAG-GUT62491,Ruminococcus
MAG-GUT62509,Ruminococcus
MAG-GUT6251,Acidaminococcus
MAG-GUT6256,Propionibacterium
MAG-GUT62601,Propionibacterium
MAG-GUT6261,Ruminococcus
MAG-GUT62629,Propionibacterium
MAG-GUT62657,Unassigned
MAG-GUT62658,Propionibacterium
MAG-GUT6265,Unassigned
MAG-GUT62666,Barnesiella
MAG-GUT6273,Acidaminococcus
MAG-GUT6274,Propionibacterium
MAG-GUT62790,Enterococcus
MAG-GUT6280,Anaeromassilibacillus
MAG-GUT62857,Propionibacterium
MAG-GUT6286,Faecalibacterium
MAG-GUT6290,Propionibacterium
MAG-GUT6291,Propionibacterium
MAG-GUT62924,Enterococcus
MAG-GUT62939,Lactobacillus
MAG-GUT62996,Lactobacillus
MAG-GUT63100,Faecalibacterium
MAG-GUT63105,Lactobacillus
MAG-GUT63117,Faecalibacterium
MAG-GUT63164,Faecalibacterium
MAG-GUT63198,Prevotella
MAG-GUT63214,Porphyromonas
MAG-GUT63219,Porphyromonas
MAG-GUT63279,Porphyromonas
MAG-GUT63286,Faecalibacterium
MAG-GUT63356,Porphyromonas
MAG-GUT63373,Lactobacillus
MAG-GUT63462,Porphyromonas
MAG-GUT63496,Lactobacillus
MAG-GUT63569,Porphyromonas
MAG-GUT63586,Lactobacillus
MAG-GUT63602,Porphyromonas
MAG-GUT6384,Porphyromonas
MAG-GUT640,Prevotella
MAG-GUT64345,Ruminococcus
MAG-GUT64457,Veillonella
MAG-GUT6445,Prevotella
MAG-GUT64513,Bifidobacterium
MAG-GUT64686,Veillonella
MAG-GUT646,Eubacterium
MAG-GUT6489,Eubacterium
MAG-GUT65341,Prevotella
MAG-GUT65359,Unassigned
MAG-GUT65550,Butyrivibrio
MAG-GUT65553,Unassigned
MAG-GUT65559,Unassigned
MAG-GUT65576,Butyrivibrio
MAG-GUT65584,Unassigned
MAG-GUT65588,Unassigned
MAG-GUT65671,Unassigned
MAG-GUT65795,Unassigned
MAG-GUT65836,Barnesiella
MAG-GUT65895,Ruminococcus
MAG-GUT66011,Azospirillum
MAG-GUT66097,Lachnospira
MAG-GUT66098,Unassigned
MAG-GUT66111,Unassigned
MAG-GUT6612,Unassigned
MAG-GUT66152,Unassigned
MAG-GUT6615,Sutterella
MAG-GUT66161,Unassigned
MAG-GUT6619,Unassigned
MAG-GUT6623,Unassigned
MAG-GUT66278,Azospirillum
MAG-GUT66279,Lachnospira
MAG-GUT66288,Azospirillum
MAG-GUT66322,Lachnospira
MAG-GUT66330,Unassigned
MAG-GUT66335,Unassigned
MAG-GUT66378,Lachnospira
MAG-GUT66382,Dialister
MAG-GUT66408,Dialister
MAG-GUT66514,Unassigned
MAG-GUT66577,Unassigned
MAG-GUT66621,Ruminococcus
MAG-GUT66668,Ruminococcus
MAG-GUT66701,Ruminococcus
MAG-GUT66714,Barnesiella
MAG-GUT6679,Unassigned
MAG-GUT66843,Acidaminococcus
MAG-GUT66846,Azospirillum
MAG-GUT66874,Azospirillum
MAG-GUT66881,Ruminococcus
MAG-GUT66885,Ruminococcus
MAG-GUT66889,Ruminococcus
MAG-GUT66901,Ruminococcus
MAG-GUT66915,Eubacterium
MAG-GUT66916,Sutterella
MAG-GUT66918,Ruminococcus
MAG-GUT66949,Anaerotruncus
MAG-GUT66953,Unassigned
MAG-GUT66991,Veillonella
MAG-GUT67012,Bifidobacterium
MAG-GUT67029,Bifidobacterium
MAG-GUT6708,Bifidobacterium
MAG-GUT67120,Azospirillum
MAG-GUT67224,Bifidobacterium
MAG-GUT6722,Unassigned
MAG-GUT67253,Prevotella
MAG-GUT67256,Veillonella
MAG-GUT6727,Veillonella
MAG-GUT67367,Sutterella
MAG-GUT67531,Azospirillum
MAG-GUT6753,Sutterella
MAG-GUT67550,Sutterella
MAG-GUT67625,Azospirillum
MAG-GUT67681,Enterococcus
MAG-GUT67689,Azospirillum
MAG-GUT67723,Azospirillum
MAG-GUT67741,Bifidobacterium
MAG-GUT67770,Unassigned
MAG-GUT67779,Bifidobacterium
MAG-GUT67799,Bifidobacterium
MAG-GUT67830,Veillonella
MAG-GUT67839,Bifidobacterium
MAG-GUT6784,Bifidobacterium
MAG-GUT67975,Sutterella
MAG-GUT67977,Bifidobacterium
MAG-GUT67985,Bifidobacterium
MAG-GUT68007,Enterococcus
MAG-GUT68023,Bifidobacterium
MAG-GUT68043,Bifidobacterium
MAG-GUT6806,Enterococcus
MAG-GUT68072,Faecalibacterium
MAG-GUT68086,Barnesiella
MAG-GUT68091,Veillonella
MAG-GUT68111,Unassigned
MAG-GUT68145,Enterococcus
MAG-GUT68157,Bifidobacterium
MAG-GUT68181,Bifidobacterium
MAG-GUT68189,Bifidobacterium
MAG-GUT68190,Bifidobacterium
MAG-GUT68197,Bifidobacterium
MAG-GUT68204,Bifidobacterium
MAG-GUT68216,Unassigned
MAG-GUT68234,Veillonella
MAG-GUT68241,Lactobacillus
MAG-GUT68245,Ruminococcus
MAG-GUT68260,Propionimicrobium
MAG-GUT68269,Veillonella
MAG-GUT68301,Lachnospira
MAG-GUT68308,Unassigned
MAG-GUT68311,Azospirillum
MAG-GUT68316,Barnesiella
MAG-GUT68371,Anaerotruncus
MAG-GUT68475,Ruminococcus
MAG-GUT68537,Bifidobacterium
MAG-GUT68542,Lactobacillus
MAG-GUT68561,Ruminococcus
MAG-GUT6856,Unassigned
MAG-GUT68570,Azospirillum
MAG-GUT68598,Veillonella
MAG-GUT68629,Eggerthella
MAG-GUT68640,Enterococcus
MAG-GUT68642,Enterococcus
MAG-GUT68659,Bifidobacterium
MAG-GUT68697,Bifidobacterium
MAG-GUT68726,Bifidobacterium
MAG-GUT6873,Veillonella
MAG-GUT68780,Azospirillum
MAG-GUT68785,Azospirillum
MAG-GUT68810,Bacteroides
MAG-GUT68858,Veillonella
MAG-GUT68872,Ruminococcus
MAG-GUT68960,Veillonella
MAG-GUT68968,Ruminococcus
MAG-GUT68996,Ruminococcus
MAG-GUT689,Bifidobacterium
MAG-GUT69048,Sutterella
MAG-GUT69064,Bifidobacterium
MAG-GUT69096,Bifidobacterium
MAG-GUT69113,Veillonella
MAG-GUT69117,Veillonella
MAG-GUT69121,Bifidobacterium
MAG-GUT69123,Bifidobacterium
MAG-GUT69144,Veillonella
MAG-GUT69179,Veillonella
MAG-GUT69198,Eubacterium
MAG-GUT69224,Veillonella
MAG-GUT69229,Bifidobacterium
MAG-GUT69244,Bifidobacterium
MAG-GUT69253,Unassigned
MAG-GUT69285,Bifidobacterium
MAG-GUT6929,Unassigned
MAG-GUT69364,Unassigned
MAG-GUT69367,Eubacterium
MAG-GUT69378,Veillonella
MAG-GUT69384,Veillonella
MAG-GUT69417,Lactobacillus
MAG-GUT69432,Veillonella
MAG-GUT69434,Lachnospira
MAG-GUT69447,Bifidobacterium
MAG-GUT69465,Bifidobacterium
MAG-GUT69468,Veillonella
MAG-GUT69483,Eubacterium
MAG-GUT69501,Veillonella
MAG-GUT69551,Enterococcus
MAG-GUT6955,Prevotella
MAG-GUT69595,Veillonella
MAG-GUT69640,Azospirillum
MAG-GUT69662,Azospirillum
MAG-GUT69665,Sutterella
MAG-GUT6968,Azospirillum
MAG-GUT69729,Prevotella
MAG-GUT69771,Azospirillum
MAG-GUT69905,Acidaminococcus
MAG-GUT6,Butyrivibrio
MAG-GUT7012,Barnesiella
MAG-GUT70165,Sutterella
MAG-GUT7016,Unassigned
MAG-GUT70172,Unassigned
MAG-GUT70200,Unassigned
MAG-GUT7031,Acidaminococcus
MAG-GUT70404,Acidaminococcus
MAG-GUT7040,Unassigned
MAG-GUT70414,Unassigned
MAG-GUT7042,Sutterella
MAG-GUT70460,Unassigned
MAG-GUT70620,Enterococcus
MAG-GUT7062,Unassigned
MAG-GUT70635,Unassigned
MAG-GUT7064,Finegoldia
MAG-GUT70664,Finegoldia
MAG-GUT7066,Unassigned
MAG-GUT70836,Ruminococcus
MAG-GUT7086,Enterococcus
MAG-GUT7088,Veillonella
MAG-GUT7090,Enterococcus
MAG-GUT70913,Barnesiella
MAG-GUT70918,Ruminococcus
MAG-GUT7095,Veillonella
MAG-GUT70973,Azospirillum
MAG-GUT7099,Veillonella
MAG-GUT7102,Enterococcus
MAG-GUT71042,Ruminococcus
MAG-GUT7105,Veillonella
MAG-GUT71084,Unassigned
MAG-GUT7112,Veillonella
MAG-GUT71140,Unassigned
MAG-GUT71156,Ruminococcus
MAG-GUT7118,Enterococcus
MAG-GUT71208,Veillonella
MAG-GUT7120,Ruminococcus
MAG-GUT7121,Enterococcus
MAG-GUT7125,Enterococcus
MAG-GUT7132,Veillonella
MAG-GUT71347,Unassigned
MAG-GUT71390,Azospirillum
MAG-GUT71501,Ruminococcus
MAG-GUT7155,Veillonella
MAG-GUT71562,Unassigned
MAG-GUT71577,Alistipes
MAG-GUT7161,Veillonella
MAG-GUT7166,Veillonella
MAG-GUT71679,Faecalibacterium
MAG-GUT71686,Unassigned
MAG-GUT71751,Enterococcus
MAG-GUT7175,Unassigned
MAG-GUT71840,Lachnospira
MAG-GUT71866,Ruminococcus
MAG-GUT7197,Veillonella
MAG-GUT71989,Ruminococcus
MAG-GUT72017,Ruminococcus
MAG-GUT72020,Unassigned
MAG-GUT72079,Azospirillum
MAG-GUT72100,Veillonella
MAG-GUT7210,Azospirillum
MAG-GUT72119,Acidaminococcus
MAG-GUT72127,Acidaminococcus
MAG-GUT7213,Enterococcus
MAG-GUT7214,Enterococcus
MAG-GUT7216,Enterococcus
MAG-GUT7222,Barnesiella
MAG-GUT72283,Enterococcus
MAG-GUT72293,Azospirillum
MAG-GUT7229,Veillonella
MAG-GUT722,Barnesiella
MAG-GUT72315,Unassigned
MAG-GUT72317,Ruminococcus
MAG-GUT7247,Veillonella
MAG-GUT7253,Enterococcus
MAG-GUT72571,Azospirillum
MAG-GUT72585,Azospirillum
MAG-GUT72738,Ruminococcus
MAG-GUT7278,Enterococcus
MAG-GUT72832,Azospirillum
MAG-GUT72841,Azospirillum
MAG-GUT7285,Lactobacillus
MAG-GUT7291,Finegoldia
MAG-GUT72929,Barnesiella
MAG-GUT73018,Ruminococcus
MAG-GUT73024,Azospirillum
MAG-GUT73031,Ruminococcus
MAG-GUT73157,Unassigned
MAG-GUT73278,Ruminococcus
MAG-GUT7328,Unassigned
MAG-GUT73298,Ruminococcus
MAG-GUT73376,Ruminococcus
MAG-GUT73407,Unassigned
MAG-GUT73422,Clostridium
MAG-GUT73491,Dialister
MAG-GUT73497,Ruminococcus
MAG-GUT73734,Azospirillum
MAG-GUT73749,Ruminococcus
MAG-GUT73804,Ruminococcus
MAG-GUT73847,Unassigned
MAG-GUT73862,Alistipes
MAG-GUT73909,Azospirillum
MAG-GUT73910,Azospirillum
MAG-GUT73961,Ruminococcus
MAG-GUT73962,Eubacterium
MAG-GUT73967,Sutterella
MAG-GUT73968,Lachnospira
MAG-GUT73992,Ruminococcus
MAG-GUT74023,Ruminococcus
MAG-GUT74028,Eubacterium
MAG-GUT74183,Unassigned
MAG-GUT74302,Azospirillum
MAG-GUT74311,Sutterella
MAG-GUT74323,Azospirillum
MAG-GUT74324,Bifidobacterium
MAG-GUT74329,Acidaminococcus
MAG-GUT74335,Azospirillum
MAG-GUT74347,Bifidobacterium
MAG-GUT74380,Acidaminococcus
MAG-GUT74415,Unassigned
MAG-GUT74428,Unassigned
MAG-GUT74507,Unassigned
MAG-GUT74526,Unassigned
MAG-GUT74537,Ruminococcus
MAG-GUT74541,Roseburia
MAG-GUT74585,Unassigned
MAG-GUT74622,Ruminococcus
MAG-GUT74662,Ruminococcus
MAG-GUT74669,Unassigned
MAG-GUT74675,Unassigned
MAG-GUT74686,Anaerotruncus
MAG-GUT74695,Azospirillum
MAG-GUT74889,Ruminococcus
MAG-GUT74895,Ruminococcus
MAG-GUT74916,Prevotella
MAG-GUT74962,Unassigned
MAG-GUT74997,Lachnospira
MAG-GUT75018,Unassigned
MAG-GUT75060,Unassigned
MAG-GUT75063,Unassigned
MAG-GUT75133,Unassigned
MAG-GUT75402,Ruminococcus
MAG-GUT7540,Acidaminococcus
MAG-GUT75430,Acidaminococcus
MAG-GUT7546,Veillonella
MAG-GUT75471,Sutterella
MAG-GUT75478,Azospirillum
MAG-GUT75522,Acidaminococcus
MAG-GUT75577,Unassigned
MAG-GUT7559,Ruminococcus
MAG-GUT75631,Ruminococcus
MAG-GUT7565,Ruminococcus
MAG-GUT75677,Unassigned
MAG-GUT7570,Ruminococcus
MAG-GUT75788,Sutterella
MAG-GUT75820,Sutterella
MAG-GUT75834,Sutterella
MAG-GUT75928,Unassigned
MAG-GUT7598,Ruminococcus
MAG-GUT76034,Prevotella
MAG-GUT76112,Barnesiella
MAG-GUT761,Ruminococcus
MAG-GUT76200,Ruminococcus
MAG-GUT76377,Ruminococcus
MAG-GUT76426,Lactobacillus
MAG-GUT76486,Unassigned
MAG-GUT76518,Alistipes
MAG-GUT76530,Unassigned
MAG-GUT7654,Unassigned
MAG-GUT76573,Ruminococcus
MAG-GUT76584,Unassigned
MAG-GUT76659,Unassigned
MAG-GUT7675,Ruminococcus
MAG-GUT76906,Azospirillum
MAG-GUT76950,Ruminococcus
MAG-GUT76981,Azospirillum
MAG-GUT76988,Azospirillum
MAG-GUT76995,Azospirillum
MAG-GUT77004,Azospirillum
MAG-GUT7701,Ruminococcus
MAG-GUT77026,Ruminococcus
MAG-GUT7719,Ruminococcus
MAG-GUT7728,Unassigned
MAG-GUT7733,Unassigned
MAG-GUT77348,Azospirillum
MAG-GUT77357,Azospirillum
MAG-GUT77371,Azospirillum
MAG-GUT77386,Unassigned
MAG-GUT77389,Azospirillum
MAG-GUT77408,Lachnospira
MAG-GUT7746,Unassigned
MAG-GUT77471,Unassigned
MAG-GUT7749,Ruminococcus
MAG-GUT77514,Unassigned
MAG-GUT7751,Azospirillum
MAG-GUT77526,Azospirillum
MAG-GUT77563,Sutterella
MAG-GUT77576,Unassigned
MAG-GUT77590,Ruminococcus
MAG-GUT77597,Alistipes
MAG-GUT77615,Ruminococcus
MAG-GUT77633,Alistipes
MAG-GUT7772,Bifidobacterium
MAG-GUT7779,Unassigned
MAG-GUT77839,Azospirillum
MAG-GUT77900,Ruminococcus
MAG-GUT77913,Ruminococcus
MAG-GUT77956,Ruminococcus
MAG-GUT77982,Clostridium
MAG-GUT77996,Unassigned
MAG-GUT78002,Ruminococcus
MAG-GUT7808,Ruminococcus
MAG-GUT78207,Azospirillum
MAG-GUT78247,Ruminococcus
MAG-GUT78278,Unassigned
MAG-GUT78280,Ruminococcus
MAG-GUT78295,Ruminococcus
MAG-GUT78307,Ruminococcus
MAG-GUT78358,Unassigned
MAG-GUT78371,Sutterella
MAG-GUT78377,Ruminococcus
MAG-GUT78403,Unassigned
MAG-GUT78410,Ruminococcus
MAG-GUT78413,Unassigned
MAG-GUT7849,Ruminococcus
MAG-GUT7852,Unassigned
MAG-GUT78564,Anaerotruncus
MAG-GUT78566,Unassigned
MAG-GUT78571,Eubacterium
MAG-GUT78579,Alistipes
MAG-GUT78632,Unassigned
MAG-GUT78681,Ruminococcus
MAG-GUT78688,Ruminococcus
MAG-GUT78853,Ruminococcus
MAG-GUT78879,Clostridium
MAG-GUT78908,Clostridium
MAG-GUT78910,Unassigned
MAG-GUT78914,Ruminococcus
MAG-GUT78923,Unassigned
MAG-GUT78940,Butyrivibrio
MAG-GUT78958,Unassigned
MAG-GUT78976,Unassigned
MAG-GUT79005,Butyrivibrio
MAG-GUT79013,Unassigned
MAG-GUT79048,Ruminococcus
MAG-GUT79053,Butyrivibrio
MAG-GUT79096,Unassigned
MAG-GUT79180,Unassigned
MAG-GUT79219,Unassigned
MAG-GUT79248,Ruminococcus
MAG-GUT79275,Ruminococcus
MAG-GUT79289,Ruminococcus
MAG-GUT79304,Ruminococcus
MAG-GUT79312,Ruminococcus
MAG-GUT79322,Ruminococcus
MAG-GUT79350,Acidaminococcus
MAG-GUT79351,Ruminococcus
MAG-GUT7944,Unassigned
MAG-GUT79485,Ruminococcus
MAG-GUT7957,Ruminococcus
MAG-GUT79662,Clostridium
MAG-GUT79767,Ruminococcus
MAG-GUT7981,Unassigned
MAG-GUT7988,Unassigned
MAG-GUT79996,Clostridium
MAG-GUT80007,Unassigned
MAG-GUT80031,Unassigned
MAG-GUT80052,Unassigned
MAG-GUT80232,Lactobacillus
MAG-GUT80318,Lachnospira
MAG-GUT80330,Barnesiella
MAG-GUT80383,Unassigned
MAG-GUT80384,Sutterella
MAG-GUT80385,Acidaminococcus
MAG-GUT80437,Eubacterium
MAG-GUT80449,Sutterella
MAG-GUT80453,Acidaminococcus
MAG-GUT80561,Unassigned
MAG-GUT80567,Unassigned
MAG-GUT80568,Unassigned
MAG-GUT8056,Bifidobacterium
MAG-GUT80585,Ruminococcus
MAG-GUT80685,Lactobacillus
MAG-GUT80705,Eubacterium
MAG-GUT80718,Acidaminococcus
MAG-GUT80720,Sutterella
MAG-GUT80758,Unassigned
MAG-GUT80771,Acidaminococcus
MAG-GUT80792,Lachnospira
MAG-GUT80804,Unassigned
MAG-GUT8080,Sutterella
MAG-GUT80816,Acidaminococcus
MAG-GUT80819,Eggerthella
MAG-GUT80839,Treponema
MAG-GUT8083,Faecalibacterium
MAG-GUT80925,Unassigned
MAG-GUT81000,Ruminococcus
MAG-GUT81029,Eubacterium
MAG-GUT81065,Sutterella
MAG-GUT81123,Eubacterium
MAG-GUT81145,Barnesiella
MAG-GUT81146,Sutterella
MAG-GUT81204,Ruminococcus
MAG-GUT81205,Sutterella
MAG-GUT81226,Unassigned
MAG-GUT8128,Unassigned
MAG-GUT81308,Ruminococcus
MAG-GUT81392,Unassigned
MAG-GUT81409,Ruminococcus
MAG-GUT81432,Barnesiella
MAG-GUT81434,Sutterella
MAG-GUT8151,Ruminococcus
MAG-GUT81523,Succinatimonas
MAG-GUT81560,Sutterella
MAG-GUT81578,Unassigned
MAG-GUT81646,Faecalibacterium
MAG-GUT8165,Barnesiella
MAG-GUT81671,Unassigned
MAG-GUT81679,Unassigned
MAG-GUT81692,Acidaminococcus
MAG-GUT81714,Eubacterium
MAG-GUT81784,Unassigned
MAG-GUT81831,Unassigned
MAG-GUT81880,Unassigned
MAG-GUT81885,Unassigned
MAG-GUT81918,Ruminococcus
MAG-GUT81926,Clostridium
MAG-GUT81936,Acidaminococcus
MAG-GUT81946,Barnesiella
MAG-GUT81959,Acidaminococcus
MAG-GUT81987,Bifidobacterium
MAG-GUT81,Acidaminococcus
MAG-GUT82008,Eggerthella
MAG-GUT82014,Ruminococcus
MAG-GUT82016,Clostridium
MAG-GUT82039,Acidaminococcus
MAG-GUT82089,Barnesiella
MAG-GUT82091,Ruminococcus
MAG-GUT82105,Acidaminococcus
MAG-GUT82115,Sutterella
MAG-GUT82160,Acidaminococcus
MAG-GUT82165,Lachnospira
MAG-GUT82176,Unassigned
MAG-GUT82177,Barnesiella
MAG-GUT82203,Clostridium
MAG-GUT82239,Unassigned
MAG-GUT82264,Ruminococcus
MAG-GUT82295,Ruminococcus
MAG-GUT822,Unassigned
MAG-GUT82314,Barnesiella
MAG-GUT82436,Acidaminococcus
MAG-GUT82468,Acidaminococcus
MAG-GUT82472,Barnesiella
MAG-GUT82505,Barnesiella
MAG-GUT82509,Acidaminococcus
MAG-GUT82545,Unassigned
MAG-GUT82562,Acidaminococcus
MAG-GUT82571,Barnesiella
MAG-GUT82635,Acidaminococcus
MAG-GUT82654,Acidaminococcus
MAG-GUT8267,Unassigned
MAG-GUT82703,Acidaminococcus
MAG-GUT82738,Acidaminococcus
MAG-GUT82744,Acidaminococcus
MAG-GUT82789,Azospirillum
MAG-GUT82810,Ruminococcus
MAG-GUT8281,Ruminococcus
MAG-GUT82831,Ruminococcus
MAG-GUT82836,Unassigned
MAG-GUT8287,Unassigned
MAG-GUT8292,Unassigned
MAG-GUT82944,Ruminococcus
MAG-GUT82976,Ruminococcus
MAG-GUT82998,Barnesiella
MAG-GUT83028,Unassigned
MAG-GUT83117,Ruminococcus
MAG-GUT83184,Unassigned
MAG-GUT83190,Ruminococcus
MAG-GUT83203,Unassigned
MAG-GUT83205,Ruminococcus
MAG-GUT83214,Unassigned
MAG-GUT83242,Ruminococcus
MAG-GUT83363,Ruminococcus
MAG-GUT83377,Ruminococcus
MAG-GUT83390,Unassigned
MAG-GUT83414,Ruminococcus
MAG-GUT83493,Ruminococcus
MAG-GUT83497,Unassigned
MAG-GUT83501,Lactobacillus
MAG-GUT83503,Streptococcus
MAG-GUT83507,Lactobacillus
MAG-GUT83542,Unassigned
MAG-GUT83561,Ruminococcus
MAG-GUT83564,Ruminococcus
MAG-GUT83592,Sutterella
MAG-GUT83636,Azospirillum
MAG-GUT83640,Azospirillum
MAG-GUT83643,Alistipes
MAG-GUT83657,Ruminococcus
MAG-GUT83666,Azospirillum
MAG-GUT83683,Azospirillum
MAG-GUT83759,Ruminococcus
MAG-GUT83780,Unassigned
MAG-GUT83835,Barnesiella
MAG-GUT83851,Unassigned
MAG-GUT83863,Ruminococcus
MAG-GUT83864,Unassigned
MAG-GUT8388,Ruminococcus
MAG-GUT838,Ruminococcus
MAG-GUT83922,Ruminococcus
MAG-GUT83946,Unassigned
MAG-GUT8399,Unassigned
MAG-GUT84014,Unassigned
MAG-GUT84054,Ruminococcus
MAG-GUT84088,Unassigned
MAG-GUT840,Azospirillum
MAG-GUT84116,Butyrivibrio
MAG-GUT84132,Butyrivibrio
MAG-GUT84166,Barnesiella
MAG-GUT84184,Unassigned
MAG-GUT8428,Unassigned
MAG-GUT84304,Barnesiella
MAG-GUT84361,Azospirillum
MAG-GUT84374,Azospirillum
MAG-GUT84395,Ruminococcus
MAG-GUT84479,Azospirillum
MAG-GUT84500,Eubacterium
MAG-GUT84532,Ruminococcus
MAG-GUT84535,Ruminococcus
MAG-GUT84548,Ruminococcus
MAG-GUT84562,Unassigned
MAG-GUT8457,Unassigned
MAG-GUT84598,Acidaminococcus
MAG-GUT84613,Acidaminococcus
MAG-GUT84648,Ruminococcus
MAG-GUT84692,Unassigned
MAG-GUT84696,Unassigned
MAG-GUT84701,Unassigned
MAG-GUT84710,Ruminococcus
MAG-GUT84771,Ruminococcus
MAG-GUT84793,Unassigned
MAG-GUT84803,Unassigned
MAG-GUT84856,Unassigned
MAG-GUT84859,Sutterella
MAG-GUT84909,Unassigned
MAG-GUT84961,Unassigned
MAG-GUT85016,Unassigned
MAG-GUT85046,Unassigned
MAG-GUT85059,Unassigned
MAG-GUT85068,Unassigned
MAG-GUT85070,Bifidobacterium
MAG-GUT85090,Ruminococcus
MAG-GUT85104,Acidaminococcus
MAG-GUT85118,Ruminococcus
MAG-GUT85125,Unassigned
MAG-GUT85133,Collinsella
MAG-GUT85136,Unassigned
MAG-GUT85141,Unassigned
MAG-GUT8521,Unassigned
MAG-GUT8523,Ruminococcus
MAG-GUT85260,Ruminococcus
MAG-GUT85264,Unassigned
MAG-GUT8529,Unassigned
MAG-GUT85312,Unassigned
MAG-GUT8531,Clostridium
MAG-GUT85378,Unassigned
MAG-GUT85381,Ruminococcus
MAG-GUT85458,Ruminococcus
MAG-GUT85462,Azospirillum
MAG-GUT85491,Unassigned
MAG-GUT85493,Ruminococcus
MAG-GUT85568,Unassigned
MAG-GUT85578,Ruminococcus
MAG-GUT85582,Unassigned
MAG-GUT85601,Azospirillum
MAG-GUT85677,Unassigned
MAG-GUT85702,Azospirillum
MAG-GUT85763,Ruminococcus
MAG-GUT85785,Ruminococcus
MAG-GUT85792,Ruminococcus
MAG-GUT85822,Ruminococcus
MAG-GUT85843,Ruminococcus
MAG-GUT85846,Unassigned
MAG-GUT85866,Ruminococcus
MAG-GUT85881,Ruminococcus
MAG-GUT85904,Akkermansia
MAG-GUT85906,Alistipes
MAG-GUT85919,Akkermansia
MAG-GUT85926,Ruminococcus
MAG-GUT85992,Azospirillum
MAG-GUT86091,Ruminococcus
MAG-GUT86112,Barnesiella
MAG-GUT8612,Oscillibacter
MAG-GUT86199,Ruminococcus
MAG-GUT86276,Anaerotruncus
MAG-GUT86281,Ruminococcus
MAG-GUT86329,Azospirillum
MAG-GUT86338,Ruminococcus
MAG-GUT8633,Ruminococcus
MAG-GUT86341,Azospirillum
MAG-GUT86352,Azospirillum
MAG-GUT86360,Ruminococcus
MAG-GUT86368,Unassigned
MAG-GUT86370,Ruminococcus
MAG-GUT86385,Ruminococcus
MAG-GUT86388,Ruminococcus
MAG-GUT8640,Unassigned
MAG-GUT86439,Ruminococcus
MAG-GUT86504,Unassigned
MAG-GUT86514,Unassigned
MAG-GUT86544,Ruminococcus
MAG-GUT86559,Ruminococcus
MAG-GUT86569,Blautia
MAG-GUT86570,Azospirillum
MAG-GUT86606,Bifidobacterium
MAG-GUT86612,Ruminococcus
MAG-GUT86613,Ruminococcus
MAG-GUT86727,Solobacterium
MAG-GUT86747,Lactobacillus
MAG-GUT86758,Lactobacillus
MAG-GUT86853,Megasphaera
MAG-GUT86868,Unassigned
MAG-GUT86870,Unassigned
MAG-GUT8687,Acidaminococcus
MAG-GUT86935,Megasphaera
MAG-GUT87091,Unassigned
MAG-GUT87133,Ruminococcus
MAG-GUT87142,Unassigned
MAG-GUT87208,Megasphaera
MAG-GUT87253,Unassigned
MAG-GUT87297,Megasphaera
MAG-GUT87358,Megasphaera
MAG-GUT87407,Enterococcus
MAG-GUT87479,Acidaminococcus
MAG-GUT87486,Unassigned
MAG-GUT87573,Unassigned
MAG-GUT87575,Acidaminococcus
MAG-GUT87621,Enterococcus
MAG-GUT87674,Enterococcus
MAG-GUT8776,Slackia
MAG-GUT87793,Megasphaera
MAG-GUT87821,Veillonella
MAG-GUT87828,Unassigned
MAG-GUT87833,Acidaminococcus
MAG-GUT87851,Ruminococcus
MAG-GUT87861,Unassigned
MAG-GUT87873,Veillonella
MAG-GUT87904,Unassigned
MAG-GUT8790,Unassigned
MAG-GUT87941,Enterococcus
MAG-GUT87994,Unassigned
MAG-GUT88016,Lactobacillus
MAG-GUT88052,Bifidobacterium
MAG-GUT88081,Acidaminococcus
MAG-GUT88085,Unassigned
MAG-GUT88142,Ruminococcus
MAG-GUT88218,Unassigned
MAG-GUT88255,Acidaminococcus
MAG-GUT88257,Unassigned
MAG-GUT88263,Megasphaera
MAG-GUT88291,Megasphaera
MAG-GUT88359,Unassigned
MAG-GUT8839,Unassigned
MAG-GUT88444,Bifidobacterium
MAG-GUT88477,Ruminococcus
MAG-GUT88487,Unassigned
MAG-GUT8851,Clostridium
MAG-GUT88563,Megasphaera
MAG-GUT88626,Megasphaera
MAG-GUT88654,Fusobacterium
MAG-GUT88679,Unassigned
MAG-GUT88680,Acidaminococcus
MAG-GUT88709,Fusobacterium
MAG-GUT88714,Enterococcus
MAG-GUT88733,Enterococcus
MAG-GUT88737,Enterococcus
MAG-GUT88746,Ruminococcus
MAG-GUT88811,Unassigned
MAG-GUT88824,Unassigned
MAG-GUT88854,Megasphaera
MAG-GUT88862,Unassigned
MAG-GUT88876,Enterococcus
MAG-GUT88891,Megasphaera
MAG-GUT88995,Acidaminococcus
MAG-GUT89009,Megasphaera
MAG-GUT89050,Lactobacillus
MAG-GUT89068,Enterococcus
MAG-GUT89102,Lactobacillus
MAG-GUT89162,Pediococcus
MAG-GUT89164,Lactobacillus
MAG-GUT89179,Enterococcus
MAG-GUT89180,Acidaminococcus
MAG-GUT89204,Enterococcus
MAG-GUT89205,Veillonella
MAG-GUT89206,Acidaminococcus
MAG-GUT89239,Acidaminococcus
MAG-GUT89244,Lactobacillus
MAG-GUT89246,Pediococcus
MAG-GUT89255,Lactobacillus
MAG-GUT89273,Streptococcus
MAG-GUT89279,Acidaminococcus
MAG-GUT89282,Unassigned
MAG-GUT8928,Lactobacillus
MAG-GUT89290,Acidaminococcus
MAG-GUT89291,Veillonella
MAG-GUT89292,Enterococcus
MAG-GUT89309,Lactobacillus
MAG-GUT89315,Acidaminococcus
MAG-GUT89317,Enterococcus
MAG-GUT89318,Veillonella
MAG-GUT89323,Megasphaera
MAG-GUT89332,Streptococcus
MAG-GUT89335,Lactobacillus
MAG-GUT89344,Acidaminococcus
MAG-GUT89353,Acidaminococcus
MAG-GUT89355,Enterococcus
MAG-GUT89356,Veillonella
MAG-GUT89363,Enterococcus
MAG-GUT89364,Veillonella
MAG-GUT8940,Unassigned
MAG-GUT89413,Enterococcus
MAG-GUT89416,Acidaminococcus
MAG-GUT89571,Acidaminococcus
MAG-GUT89577,Lactobacillus
MAG-GUT8958,Ruminococcus
MAG-GUT89608,Pediococcus
MAG-GUT89668,Streptococcus
MAG-GUT89684,Streptococcus
MAG-GUT89695,Streptococcus
MAG-GUT89697,Streptococcus
MAG-GUT89717,Veillonella
MAG-GUT89719,Acidaminococcus
MAG-GUT89720,Enterococcus
MAG-GUT89735,Lactobacillus
MAG-GUT89747,Lactobacillus
MAG-GUT89772,Lactobacillus
MAG-GUT89784,Pediococcus
MAG-GUT89815,Pediococcus
MAG-GUT89816,Lactobacillus
MAG-GUT89833,Lactobacillus
MAG-GUT89836,Lactobacillus
MAG-GUT89851,Lactobacillus
MAG-GUT89852,Pediococcus
MAG-GUT89858,Streptococcus
MAG-GUT89860,Streptococcus
MAG-GUT89868,Acidaminococcus
MAG-GUT89896,Acidaminococcus
MAG-GUT8993,Unassigned
MAG-GUT89941,Streptococcus
MAG-GUT89959,Olsenella
MAG-GUT89992,Enterococcus
MAG-GUT90020,Ruminococcus
MAG-GUT90054,Pediococcus
MAG-GUT9005,Unassigned
MAG-GUT90064,Pediococcus
MAG-GUT90076,Enterococcus
MAG-GUT90077,Veillonella
MAG-GUT90087,Enterococcus
MAG-GUT90090,Acidaminococcus
MAG-GUT90107,Lactobacillus
MAG-GUT90108,Enterococcus
MAG-GUT90109,Veillonella
MAG-GUT90127,Acidaminococcus
MAG-GUT90143,Enterococcus
MAG-GUT90165,Lactobacillus
MAG-GUT90167,Bifidobacterium
MAG-GUT90168,Acidaminococcus
MAG-GUT9016,Enterococcus
MAG-GUT90189,Veillonella
MAG-GUT90190,Enterococcus
MAG-GUT90191,Veillonella
MAG-GUT90251,Acidaminococcus
MAG-GUT90266,Enterococcus
MAG-GUT90290,Enterococcus
MAG-GUT90291,Acidaminococcus
MAG-GUT90292,Enterococcus
MAG-GUT90323,Veillonella
MAG-GUT90362,Acidaminococcus
MAG-GUT90367,Pediococcus
MAG-GUT90368,Veillonella
MAG-GUT90390,Enterococcus
MAG-GUT90408,Enterococcus
MAG-GUT90429,Lactobacillus
MAG-GUT90441,Enterococcus
MAG-GUT90442,Pediococcus
MAG-GUT90444,Lactobacillus
MAG-GUT90475,Streptococcus
MAG-GUT90479,Streptococcus
MAG-GUT90502,Acidaminococcus
MAG-GUT90505,Acidaminococcus
MAG-GUT90506,Enterococcus
MAG-GUT90508,Acidaminococcus
MAG-GUT90581,Streptococcus
MAG-GUT90583,Streptococcus
MAG-GUT90598,Olsenella
MAG-GUT90600,Enterococcus
MAG-GUT90614,Veillonella
MAG-GUT90615,Pediococcus
MAG-GUT90630,Lactobacillus
MAG-GUT90634,Enterococcus
MAG-GUT90636,Veillonella
MAG-GUT90671,Enterococcus
MAG-GUT90675,Pediococcus
MAG-GUT90682,Pediococcus
MAG-GUT90683,Pediococcus
MAG-GUT90686,Lactobacillus
MAG-GUT90694,Acidaminococcus
MAG-GUT90699,Ruminococcus
MAG-GUT9069,Lactobacillus
MAG-GUT90730,Acidaminococcus
MAG-GUT90775,Pediococcus
MAG-GUT90777,Pediococcus
MAG-GUT9085,Enterococcus
MAG-GUT90901,Ruminococcus
MAG-GUT9090,Unassigned
MAG-GUT90913,Enterococcus
MAG-GUT90941,Streptococcus
MAG-GUT90946,Pediococcus
MAG-GUT90947,Enterococcus
MAG-GUT90963,Veillonella
MAG-GUT90975,Pediococcus
MAG-GUT90976,Enterococcus
MAG-GUT90977,Acidaminococcus
MAG-GUT90995,Veillonella
MAG-GUT90996,Pediococcus
MAG-GUT90,Lactobacillus
MAG-GUT91012,Lactobacillus
MAG-GUT91014,Pediococcus
MAG-GUT91032,Enterococcus
MAG-GUT91033,Veillonella
MAG-GUT91042,Acidaminococcus
MAG-GUT91072,Enterococcus
MAG-GUT91110,Lactobacillus
MAG-GUT91117,Veillonella
MAG-GUT91118,Acidaminococcus
MAG-GUT91119,Enterococcus
MAG-GUT91131,Unassigned
MAG-GUT91135,Enterococcus
MAG-GUT91136,Enterococcus
MAG-GUT91137,Veillonella
MAG-GUT9113,Acidaminococcus
MAG-GUT91144,Streptococcus
MAG-GUT91192,Enterococcus
MAG-GUT91196,Enterococcus
MAG-GUT91199,Staphylococcus
MAG-GUT91251,Enterococcus
MAG-GUT91256,Peptoniphilus
MAG-GUT91259,Propionibacterium
MAG-GUT91262,Enterococcus
MAG-GUT91264,Enterococcus
MAG-GUT91265,Staphylococcus
MAG-GUT91267,Enterococcus
MAG-GUT91272,Enterococcus
MAG-GUT91276,Veillonella
MAG-GUT91278,Veillonella
MAG-GUT91291,Peptoniphilus
MAG-GUT91297,Enterococcus
MAG-GUT91303,Enterococcus
MAG-GUT91320,Enterococcus
MAG-GUT91328,Finegoldia
MAG-GUT91330,Enterococcus
MAG-GUT91345,Veillonella
MAG-GUT91355,Streptococcus
MAG-GUT91359,Staphylococcus
MAG-GUT91364,Veillonella
MAG-GUT91370,Staphylococcus
MAG-GUT91379,Staphylococcus
MAG-GUT91383,Veillonella
MAG-GUT91385,Enterococcus
MAG-GUT91407,Ruminococcus
MAG-GUT91430,Staphylococcus
MAG-GUT91432,Staphylococcus
MAG-GUT91468,Enterococcus
MAG-GUT91470,Enterococcus
MAG-GUT91475,Veillonella
MAG-GUT91486,Enterococcus
MAG-GUT91490,Enterococcus
MAG-GUT91491,Enterococcus
MAG-GUT91492,Enterococcus
MAG-GUT91493,Staphylococcus
MAG-GUT91496,Enterococcus
MAG-GUT91520,Streptococcus
MAG-GUT91528,Enterococcus
MAG-GUT91536,Propionibacterium
MAG-GUT91537,Enterococcus
MAG-GUT91546,Staphylococcus
MAG-GUT91549,Enterococcus
MAG-GUT91566,Propionibacterium
MAG-GUT91568,Proteus
MAG-GUT91584,Enterococcus
MAG-GUT9158,Unassigned
MAG-GUT915,Staphylococcus
MAG-GUT91600,Veillonella
MAG-GUT91603,Veillonella
MAG-GUT91622,Staphylococcus
MAG-GUT91631,Peptoniphilus
MAG-GUT91633,Bifidobacterium
MAG-GUT91672,Peptoniphilus
MAG-GUT91675,Peptoniphilus
MAG-GUT91702,Proteus
MAG-GUT91705,Staphylococcus
MAG-GUT91712,Enterococcus
MAG-GUT91717,Enterococcus
MAG-GUT91733,Bifidobacterium
MAG-GUT91735,Bifidobacterium
MAG-GUT91736,Enterococcus
MAG-GUT91762,Unassigned
MAG-GUT9176,Enterococcus
MAG-GUT91779,Enterococcus
MAG-GUT91793,Lactobacillus
MAG-GUT91815,Enterococcus
MAG-GUT91816,Staphylococcus
MAG-GUT91818,Enterococcus
MAG-GUT91821,Enterococcus
MAG-GUT91823,Enterococcus
MAG-GUT91830,Staphylococcus
MAG-GUT91833,Enterococcus
MAG-GUT91835,Propionibacterium
MAG-GUT91860,Enterococcus
MAG-GUT91865,Propionibacterium
MAG-GUT91866,Veillonella
MAG-GUT91873,Veillonella
MAG-GUT91882,Enterococcus
MAG-GUT91886,Enterococcus
MAG-GUT91887,Staphylococcus
MAG-GUT91898,Proteus
MAG-GUT91911,Enterococcus
MAG-GUT91912,Enterococcus
MAG-GUT91923,Enterococcus
MAG-GUT91926,Enterococcus
MAG-GUT91932,Enterococcus
MAG-GUT91938,Veillonella
MAG-GUT91939,Staphylococcus
MAG-GUT91941,Enterococcus
MAG-GUT91943,Enterococcus
MAG-GUT91947,Bifidobacterium
MAG-GUT91954,Enterococcus
MAG-GUT91958,Staphylococcus
MAG-GUT91960,Enterococcus
MAG-GUT91964,Veillonella
MAG-GUT91967,Staphylococcus
MAG-GUT91970,Veillonella
MAG-GUT91971,Veillonella
MAG-GUT91990,Veillonella
MAG-GUT91993,Veillonella
MAG-GUT92001,Veillonella
MAG-GUT92002,Clostridium
MAG-GUT92006,Enterococcus
MAG-GUT92007,Clostridium
MAG-GUT92065,Bifidobacterium
MAG-GUT92066,Enterococcus
MAG-GUT92079,Propionibacterium
MAG-GUT92091,Veillonella
MAG-GUT92111,Enterococcus
MAG-GUT92127,Propionibacterium
MAG-GUT9228,Slackia
MAG-GUT9275,Unassigned
MAG-GUT9303,Veillonella
MAG-GUT9316,Veillonella
MAG-GUT9364,Veillonella
MAG-GUT9376,Veillonella
MAG-GUT9396,Lachnospira
MAG-GUT9405,Enterococcus
MAG-GUT940,Lachnospira
MAG-GUT9421,Ruminococcus
MAG-GUT9435,Unassigned
MAG-GUT945,Enterococcus
MAG-GUT9461,Ruminococcus
MAG-GUT9523,Bifidobacterium
MAG-GUT956,Veillonella
MAG-GUT9594,Ruminococcus
MAG-GUT9612,Clostridium
MAG-GUT9618,Ruminococcus
MAG-GUT9621,Ruminococcus
MAG-GUT9640,Ruminococcus
MAG-GUT9642,Ruminococcus
MAG-GUT9659,Acidaminococcus
MAG-GUT9669,Unassigned
MAG-GUT9674,Ruminococcus
MAG-GUT9681,Unassigned
MAG-GUT9684,Unassigned
MAG-GUT9688,Lactobacillus
MAG-GUT9692,Lactobacillus
MAG-GUT9714,Unassigned
MAG-GUT9744,Unassigned
MAG-GUT9760,Unassigned
MAG-GUT9766,Solobacterium
MAG-GUT984,Enterococcus
MAG-GUT988,Propionibacterium
MAG-GUT9964,Ruminococcus
MAG-GUT9970,Unassigned
